{"type": "FeatureCollection", "name": "afr_societies", "note": "D-PLACE Ethnographic Atlas societies on the African continent (ST_Contains vs Natural Earth admin0). Built by scripts/edop/workbench/build_afr_societies.py.", "features": [{"type": "Feature", "id": "Aa1", "geometry": {"type": "Point", "coordinates": [21.0, -20.0]}, "properties": {"soc_id": "Aa1", "name": "!Kung", "subsistence": "Gathering", "religion": "Active, but not supporting morality"}}, {"type": "Feature", "id": "Aa8", "geometry": {"type": "Point", "coordinates": [23.0, -30.0]}, "properties": {"soc_id": "Aa8", "name": "/Xam", "subsistence": "Gathering", "religion": null}}, {"type": "Feature", "id": "Ca34", "geometry": {"type": "Point", "coordinates": [34.0, 24.0]}, "properties": {"soc_id": "Ca34", "name": "Ababda", "subsistence": "Pastoralism", "religion": "Active, supporting morality"}}, {"type": "Feature", "id": "Ai27", "geometry": {"type": "Point", "coordinates": [27.0, 4.0]}, "properties": {"soc_id": "Ai27", "name": "Abarambo", "subsistence": "Extensive agriculture", "religion": null}}, {"type": "Feature", "id": "Af38", "geometry": {"type": "Point", "coordinates": [-2.15, 7.53]}, "properties": {"soc_id": "Af38", "name": "Abron", "subsistence": "Extensive agriculture", "religion": null}}, {"type": "Feature", "id": "Aj10", "geometry": {"type": "Point", "coordinates": [32.0, 3.0]}, "properties": {"soc_id": "Aj10", "name": "Acholi", "subsistence": "Extensive agriculture", "religion": "Otiose"}}, {"type": "Feature", "id": "Af35", "geometry": {"type": "Point", "coordinates": [0.0, 6.0]}, "properties": {"soc_id": "Af35", "name": "Adangme", "subsistence": "Extensive agriculture", "religion": null}}, {"type": "Feature", "id": "Ah19", "geometry": {"type": "Point", "coordinates": [8.0, 10.0]}, "properties": {"soc_id": "Ah19", "name": "Adara", "subsistence": "Intensive agriculture", "religion": "Otiose"}}, {"type": "Feature", "id": "Ca6", "geometry": {"type": "Point", "coordinates": [42.0, 12.0]}, "properties": {"soc_id": "Ca6", "name": "Afar", "subsistence": "Pastoralism", "religion": "Active, supporting morality"}}, {"type": "Feature", "id": "Af23", "geometry": {"type": "Point", "coordinates": [8.0, 6.0]}, "properties": {"soc_id": "Af23", "name": "Afikpo", "subsistence": "Intensive agriculture", "religion": "Absent"}}, {"type": "Feature", "id": "Af12", "geometry": {"type": "Point", "coordinates": [-1.0, 7.0]}, "properties": {"soc_id": "Af12", "name": "Akyem", "subsistence": "Extensive agriculture", "religion": null}}, {"type": "Feature", "id": "Af44", "geometry": {"type": "Point", "coordinates": [-4.42, 5.22]}, "properties": {"soc_id": "Af44", "name": "Alagya", "subsistence": "Fishing", "religion": null}}, {"type": "Feature", "id": "Cd12", "geometry": {"type": "Point", "coordinates": [2.0, 31.0]}, "properties": {"soc_id": "Cd12", "name": "Algerians", "subsistence": "Intensive agriculture", "religion": "Active, supporting morality"}}, {"type": "Feature", "id": "Aj17", "geometry": {"type": "Point", "coordinates": [31.0, 2.0]}, "properties": {"soc_id": "Aj17", "name": "Alur", "subsistence": "Extensive agriculture", "religion": "Otiose"}}, {"type": "Feature", "id": "Ca35", "geometry": {"type": "Point", "coordinates": [36.0, 20.0]}, "properties": {"soc_id": "Ca35", "name": "Amarar", "subsistence": "Pastoralism", "religion": "Active, supporting morality"}}, {"type": "Feature", "id": "Ae1", "geometry": {"type": "Point", "coordinates": [30.0, 1.0]}, "properties": {"soc_id": "Ae1", "name": "Amba", "subsistence": "Extensive agriculture", "religion": "Absent"}}, {"type": "Feature", "id": "Ab19", "geometry": {"type": "Point", "coordinates": [16.0, -17.0]}, "properties": {"soc_id": "Ab19", "name": "Ambo", "subsistence": "Extensive agriculture", "religion": null}}, {"type": "Feature", "id": "Ca7", "geometry": {"type": "Point", "coordinates": [38.0, 13.0]}, "properties": {"soc_id": "Ca7", "name": "Amhara", "subsistence": "Intensive agriculture", "religion": "Active, supporting morality"}}, {"type": "Feature", "id": "Ah9", "geometry": {"type": "Point", "coordinates": [9.0, 10.0]}, "properties": {"soc_id": "Ah9", "name": "Anaguta", "subsistence": "Extensive agriculture", "religion": "Active, but not supporting morality"}}, {"type": "Feature", "id": "Cd6", "geometry": {"type": "Point", "coordinates": [31.0, 30.0]}, "properties": {"soc_id": "Cd6", "name": "Ancient Egyptians", "subsistence": "Intensive agriculture", "religion": "Absent"}}, {"type": "Feature", "id": "Ca27", "geometry": {"type": "Point", "coordinates": [35.0, 9.0]}, "properties": {"soc_id": "Ca27", "name": "Anfillo", "subsistence": "Extensive agriculture", "religion": "Otiose"}}, {"type": "Feature", "id": "Ah16", "geometry": {"type": "Point", "coordinates": [9.0, 9.0]}, "properties": {"soc_id": "Ah16", "name": "Angas", "subsistence": "Intensive agriculture", "religion": null}}, {"type": "Feature", "id": "Eh9", "geometry": {"type": "Point", "coordinates": [47.75, -22.9]}, "properties": {"soc_id": "Eh9", "name": "Antaisaka", "subsistence": "Intensive agriculture", "religion": null}}, {"type": "Feature", "id": "Eh7", "geometry": {"type": "Point", "coordinates": [46.0, -25.0]}, "properties": {"soc_id": "Eh7", "name": "Antandroy", "subsistence": "Pastoralism", "religion": "Otiose"}}, {"type": "Feature", "id": "Ai44", "geometry": {"type": "Point", "coordinates": [34.0, 8.0]}, "properties": {"soc_id": "Ai44", "name": "Anuak", "subsistence": "Intensive agriculture", "religion": null}}, {"type": "Feature", "id": "Af39", "geometry": {"type": "Point", "coordinates": [-4.0, 7.0]}, "properties": {"soc_id": "Af39", "name": "Anyi", "subsistence": "Extensive agriculture", "religion": null}}, {"type": "Feature", "id": "Ca18", "geometry": {"type": "Point", "coordinates": [37.0, 5.0]}, "properties": {"soc_id": "Ca18", "name": "Arbore", "subsistence": "Extensive agriculture", "religion": "Otiose"}}, {"type": "Feature", "id": "Ca11", "geometry": {"type": "Point", "coordinates": [40.0, 8.0]}, "properties": {"soc_id": "Ca11", "name": "Arusi", "subsistence": "Pastoralism", "religion": "Otiose"}}, {"type": "Feature", "id": "Cc10", "geometry": {"type": "Point", "coordinates": [8.0, 18.0]}, "properties": {"soc_id": "Cc10", "name": "Asben", "subsistence": "Pastoralism", "religion": "Active, supporting morality"}}, {"type": "Feature", "id": "Af3", "geometry": {"type": "Point", "coordinates": [-2.0, 7.0]}, "properties": {"soc_id": "Af3", "name": "Ashanti", "subsistence": "Extensive agriculture", "religion": "Otiose"}}, {"type": "Feature", "id": "Af40", "geometry": {"type": "Point", "coordinates": [-3.58, 5.27]}, "properties": {"soc_id": "Af40", "name": "Assini", "subsistence": "Extensive agriculture", "religion": null}}, {"type": "Feature", "id": "Af41", "geometry": {"type": "Point", "coordinates": [-4.0, 6.0]}, "properties": {"soc_id": "Af41", "name": "Attie", "subsistence": "Extensive agriculture", "religion": null}}, {"type": "Feature", "id": "Cc8", "geometry": {"type": "Point", "coordinates": [2.0, 8.0]}, "properties": {"soc_id": "Cc8", "name": "Aulliminden", "subsistence": "Pastoralism", "religion": null}}, {"type": "Feature", "id": "Af45", "geometry": {"type": "Point", "coordinates": [-5.25, 5.15]}, "properties": {"soc_id": "Af45", "name": "Avikam", "subsistence": null, "religion": null}}, {"type": "Feature", "id": "Ag37", "geometry": {"type": "Point", "coordinates": [-2.0, 11.0]}, "properties": {"soc_id": "Ag37", "name": "Awuna", "subsistence": "Extensive agriculture", "religion": null}}, {"type": "Feature", "id": "Ai3", "geometry": {"type": "Point", "coordinates": [27.0, 5.0]}, "properties": {"soc_id": "Ai3", "name": "Azande", "subsistence": "Extensive agriculture", "religion": "Active, but not supporting morality"}}, {"type": "Feature", "id": "Cc11", "geometry": {"type": "Point", "coordinates": [10.0, 25.0]}, "properties": {"soc_id": "Cc11", "name": "Azjer", "subsistence": "Pastoralism", "religion": "Active, supporting morality"}}, {"type": "Feature", "id": "Ae7", "geometry": {"type": "Point", "coordinates": [25.0, 3.0]}, "properties": {"soc_id": "Ae7", "name": "Baboa", "subsistence": "Extensive agriculture", "religion": "Absent"}}, {"type": "Feature", "id": "Cb27", "geometry": {"type": "Point", "coordinates": [12.0, 10.0]}, "properties": {"soc_id": "Cb27", "name": "Bachama", "subsistence": "Intensive agriculture", "religion": null}}, {"type": "Feature", "id": "Ca40", "geometry": {"type": "Point", "coordinates": [38.0, 6.0]}, "properties": {"soc_id": "Ca40", "name": "Baditu", "subsistence": "Intensive agriculture", "religion": "Otiose"}}, {"type": "Feature", "id": "Ae48", "geometry": {"type": "Point", "coordinates": [11.0, 5.0]}, "properties": {"soc_id": "Ae48", "name": "Bafia", "subsistence": "Extensive agriculture", "religion": null}}, {"type": "Feature", "id": "Ah8", "geometry": {"type": "Point", "coordinates": [12.0, 6.0]}, "properties": {"soc_id": "Ah8", "name": "Bafute", "subsistence": "Extensive agriculture", "religion": null}}, {"type": "Feature", "id": "Ai21", "geometry": {"type": "Point", "coordinates": [17.0, 11.0]}, "properties": {"soc_id": "Ai21", "name": "Bagirmi", "subsistence": "Extensive agriculture", "religion": "Active, supporting morality"}}, {"type": "Feature", "id": "Ca23", "geometry": {"type": "Point", "coordinates": [37.0, 6.0]}, "properties": {"soc_id": "Ca23", "name": "Bako", "subsistence": "Intensive agriculture", "religion": "Otiose"}}, {"type": "Feature", "id": "Ac14", "geometry": {"type": "Point", "coordinates": [15.0, -7.0]}, "properties": {"soc_id": "Ac14", "name": "Bakongo", "subsistence": "Extensive agriculture", "religion": null}}, {"type": "Feature", "id": "Af46", "geometry": {"type": "Point", "coordinates": [-7.0, 5.0]}, "properties": {"soc_id": "Af46", "name": "Bakwe", "subsistence": "Extensive agriculture", "religion": null}}, {"type": "Feature", "id": "Ag15", "geometry": {"type": "Point", "coordinates": [-16.0, 12.0]}, "properties": {"soc_id": "Ag15", "name": "Balanta", "subsistence": "Extensive agriculture", "religion": null}}, {"type": "Feature", "id": "Ae49", "geometry": {"type": "Point", "coordinates": [10.0, 6.0]}, "properties": {"soc_id": "Ae49", "name": "Bali Nyonga", "subsistence": "Agriculture, type unknown", "religion": null}}, {"type": "Feature", "id": "Ag1", "geometry": {"type": "Point", "coordinates": [-7.0, 13.0]}, "properties": {"soc_id": "Ag1", "name": "Bambara", "subsistence": "Intensive agriculture", "religion": "Absent"}}, {"type": "Feature", "id": "Ae5", "geometry": {"type": "Point", "coordinates": [10.0, 5.0]}, "properties": {"soc_id": "Ae5", "name": "Bamileke", "subsistence": "Extensive agriculture", "religion": null}}, {"type": "Feature", "id": "Ae50", "geometry": {"type": "Point", "coordinates": [11.0, 6.0]}, "properties": {"soc_id": "Ae50", "name": "Bamum", "subsistence": "Extensive agriculture", "religion": "Active, but not supporting morality"}}, {"type": "Feature", "id": "Ai1", "geometry": {"type": "Point", "coordinates": [22.0, 7.0]}, "properties": {"soc_id": "Ai1", "name": "Banda", "subsistence": "Extensive agriculture", "religion": "Otiose"}}, {"type": "Feature", "id": "Ae51", "geometry": {"type": "Point", "coordinates": [11.0, 5.0]}, "properties": {"soc_id": "Ae51", "name": "Banen", "subsistence": "Extensive agriculture", "religion": "Otiose"}}, {"type": "Feature", "id": "Ca19", "geometry": {"type": "Point", "coordinates": [36.0, 6.0]}, "properties": {"soc_id": "Ca19", "name": "Banna", "subsistence": "Pastoralism", "religion": "Otiose"}}, {"type": "Feature", "id": "Af16", "geometry": {"type": "Point", "coordinates": [9.0, 6.0]}, "properties": {"soc_id": "Af16", "name": "Banyang", "subsistence": "Extensive agriculture", "religion": null}}, {"type": "Feature", "id": "Ae10", "geometry": {"type": "Point", "coordinates": [30.0, -2.0]}, "properties": {"soc_id": "Ae10", "name": "Banyaruanda", "subsistence": "Intensive agriculture", "religion": "Otiose"}}, {"type": "Feature", "id": "Ag16", "geometry": {"type": "Point", "coordinates": [-16.0, 12.0]}, "properties": {"soc_id": "Ag16", "name": "Banyun", "subsistence": "Extensive agriculture", "religion": null}}, {"type": "Feature", "id": "Cc7", "geometry": {"type": "Point", "coordinates": [-5.0, 20.0]}, "properties": {"soc_id": "Cc7", "name": "Barabish", "subsistence": "Pastoralism", "religion": "Active, supporting morality"}}, {"type": "Feature", "id": "Cd1", "geometry": {"type": "Point", "coordinates": [33.0, 23.0]}, "properties": {"soc_id": "Cd1", "name": "Barabra", "subsistence": "Intensive agriculture", "religion": "Active, supporting morality"}}, {"type": "Feature", "id": "Aj8", "geometry": {"type": "Point", "coordinates": [32.0, 5.0]}, "properties": {"soc_id": "Aj8", "name": "Bari", "subsistence": "Extensive agriculture", "religion": "Otiose"}}, {"type": "Feature", "id": "Ah11", "geometry": {"type": "Point", "coordinates": [8.0, 8.0]}, "properties": {"soc_id": "Ah11", "name": "Basa", "subsistence": "Extensive agriculture", "religion": "Otiose"}}, {"type": "Feature", "id": "Ah12", "geometry": {"type": "Point", "coordinates": [7.0, 8.0]}, "properties": {"soc_id": "Ah12", "name": "Basakomo", "subsistence": "Extensive agriculture", "religion": null}}, {"type": "Feature", "id": "Ag48", "geometry": {"type": "Point", "coordinates": [1.0, 9.0]}, "properties": {"soc_id": "Ag48", "name": "Basari", "subsistence": "Intensive agriculture", "religion": null}}, {"type": "Feature", "id": "Ae13", "geometry": {"type": "Point", "coordinates": [29.0, -2.0]}, "properties": {"soc_id": "Ae13", "name": "Bashi", "subsistence": "Agriculture, type unknown", "religion": null}}, {"type": "Feature", "id": "Ca28", "geometry": {"type": "Point", "coordinates": [37.0, 6.0]}, "properties": {"soc_id": "Ca28", "name": "Basketo", "subsistence": "Intensive agriculture", "religion": "Otiose"}}, {"type": "Feature", "id": "Ag21", "geometry": {"type": "Point", "coordinates": [-13.0, 12.0]}, "properties": {"soc_id": "Ag21", "name": "Bassari", "subsistence": "Extensive agriculture", "religion": "Otiose"}}, {"type": "Feature", "id": "Ah34", "geometry": {"type": "Point", "coordinates": [13.0, 10.0]}, "properties": {"soc_id": "Ah34", "name": "Bata", "subsistence": "Intensive agriculture", "religion": null}}, {"type": "Feature", "id": "Af9", "geometry": {"type": "Point", "coordinates": [-5.0, 8.0]}, "properties": {"soc_id": "Af9", "name": "Baule", "subsistence": "Extensive agriculture", "religion": null}}, {"type": "Feature", "id": "Ac3", "geometry": {"type": "Point", "coordinates": [31.0, -11.0]}, "properties": {"soc_id": "Ac3", "name": "Bemba", "subsistence": "Extensive agriculture", "religion": "Active, but not supporting morality"}}, {"type": "Feature", "id": "Ad11", "geometry": {"type": "Point", "coordinates": [36.0, -9.0]}, "properties": {"soc_id": "Ad11", "name": "Bena", "subsistence": "Intensive agriculture", "religion": "Active, supporting morality"}}, {"type": "Feature", "id": "Ad18", "geometry": {"type": "Point", "coordinates": [31.0, -7.0]}, "properties": {"soc_id": "Ad18", "name": "Bende", "subsistence": "Extensive agriculture", "religion": null}}, {"type": "Feature", "id": "Ca36", "geometry": {"type": "Point", "coordinates": [38.0, 18.0]}, "properties": {"soc_id": "Ca36", "name": "Beni-Amer", "subsistence": "Pastoralism", "religion": "Active, supporting morality"}}, {"type": "Feature", "id": "Cd7", "geometry": {"type": "Point", "coordinates": [-7.0, 33.0]}, "properties": {"soc_id": "Cd7", "name": "Beraber", "subsistence": "Intensive agriculture", "religion": "Active, supporting morality"}}, {"type": "Feature", "id": "Aa4", "geometry": {"type": "Point", "coordinates": [16.0, -22.0]}, "properties": {"soc_id": "Aa4", "name": "Bergdama", "subsistence": "Gathering", "religion": null}}, {"type": "Feature", "id": "Ca31", "geometry": {"type": "Point", "coordinates": [37.0, 12.0]}, "properties": {"soc_id": "Ca31", "name": "Beta Israel", "subsistence": "Intensive agriculture", "religion": "Active, supporting morality"}}, {"type": "Feature", "id": "Af7", "geometry": {"type": "Point", "coordinates": [-7.0, 6.0]}, "properties": {"soc_id": "Af7", "name": "Bete", "subsistence": "Extensive agriculture", "religion": "Absent"}}, {"type": "Feature", "id": "Eh10", "geometry": {"type": "Point", "coordinates": [47.0, -22.0]}, "properties": {"soc_id": "Eh10", "name": "Betsileo", "subsistence": "Agriculture, type unknown", "religion": null}}, {"type": "Feature", "id": "Ag17", "geometry": {"type": "Point", "coordinates": [-15.0, 12.0]}, "properties": {"soc_id": "Ag17", "name": "Biafada", "subsistence": "Extensive agriculture", "religion": null}}, {"type": "Feature", "id": "Ag18", "geometry": {"type": "Point", "coordinates": [-16.15, 11.1]}, "properties": {"soc_id": "Ag18", "name": "Bijogo", "subsistence": "Extensive agriculture", "religion": null}}, {"type": "Feature", "id": "Ae30", "geometry": {"type": "Point", "coordinates": [29.0, 1.0]}, "properties": {"soc_id": "Ae30", "name": "Bira", "subsistence": "Extensive agriculture", "religion": null}}, {"type": "Feature", "id": "Ag5", "geometry": {"type": "Point", "coordinates": [-3.0, 10.0]}, "properties": {"soc_id": "Ag5", "name": "Birifor", "subsistence": "Extensive agriculture", "religion": "Otiose"}}, {"type": "Feature", "id": "Ah17", "geometry": {"type": "Point", "coordinates": [9.0, 10.0]}, "properties": {"soc_id": "Ah17", "name": "Birom", "subsistence": "Extensive agriculture", "religion": "Absent"}}, {"type": "Feature", "id": "Ag53", "geometry": {"type": "Point", "coordinates": [0.0, 12.0]}, "properties": {"soc_id": "Ag53", "name": "Bisa", "subsistence": "Extensive agriculture", "religion": "Otiose"}}, {"type": "Feature", "id": "Ca5", "geometry": {"type": "Point", "coordinates": [35.0, 20.0]}, "properties": {"soc_id": "Ca5", "name": "Bisharin", "subsistence": "Pastoralism", "religion": "Active, supporting morality"}}, {"type": "Feature", "id": "Ca37", "geometry": {"type": "Point", "coordinates": [36.0, 16.0]}, "properties": {"soc_id": "Ca37", "name": "Blin", "subsistence": "Pastoralism", "religion": "Active, supporting morality"}}, {"type": "Feature", "id": "Ag30", "geometry": {"type": "Point", "coordinates": [-4.0, 13.0]}, "properties": {"soc_id": "Ag30", "name": "Bobo", "subsistence": "Extensive agriculture", "religion": null}}, {"type": "Feature", "id": "Aj18", "geometry": {"type": "Point", "coordinates": [35.0, 5.0]}, "properties": {"soc_id": "Aj18", "name": "Bodi", "subsistence": "Pastoralism", "religion": "Otiose"}}, {"type": "Feature", "id": "Cf2", "geometry": {"type": "Point", "coordinates": [28.0, -16.0]}, "properties": {"soc_id": "Cf2", "name": "Boers", "subsistence": "Pastoralism", "religion": null}}, {"type": "Feature", "id": "Af17", "geometry": {"type": "Point", "coordinates": [9.0, 6.0]}, "properties": {"soc_id": "Af17", "name": "Boki", "subsistence": "Extensive agriculture", "religion": null}}, {"type": "Feature", "id": "Cb7", "geometry": {"type": "Point", "coordinates": [11.0, 11.0]}, "properties": {"soc_id": "Cb7", "name": "Bolewa", "subsistence": "Extensive agriculture", "religion": "Active, supporting morality"}}, {"type": "Feature", "id": "Ae36", "geometry": {"type": "Point", "coordinates": [23.0, 1.0]}, "properties": {"soc_id": "Ae36", "name": "Bombesa", "subsistence": "Extensive agriculture", "religion": null}}, {"type": "Feature", "id": "Ab21b", "geometry": {"type": "Point", "coordinates": [28.93, -32.17]}, "properties": {"soc_id": "Ab21b", "name": "Bomvana", "subsistence": "Agriculture, type unknown", "religion": null}}, {"type": "Feature", "id": "Ai35", "geometry": {"type": "Point", "coordinates": [29.0, 7.0]}, "properties": {"soc_id": "Ai35", "name": "Bongo", "subsistence": "Extensive agriculture", "religion": "Otiose"}}, {"type": "Feature", "id": "Cb8", "geometry": {"type": "Point", "coordinates": [5.0, 13.0]}, "properties": {"soc_id": "Cb8", "name": "Bororo Fulani", "subsistence": "Pastoralism", "religion": null}}, {"type": "Feature", "id": "Ag7", "geometry": {"type": "Point", "coordinates": [-5.0, 14.0]}, "properties": {"soc_id": "Ag7", "name": "Bozo", "subsistence": "Fishing", "religion": "Active, supporting morality"}}, {"type": "Feature", "id": "Ae44", "geometry": {"type": "Point", "coordinates": [8.72, 3.54]}, "properties": {"soc_id": "Ae44", "name": "Bubi", "subsistence": "Extensive agriculture", "religion": null}}, {"type": "Feature", "id": "Ae37", "geometry": {"type": "Point", "coordinates": [23.0, 3.0]}, "properties": {"soc_id": "Ae37", "name": "Budja", "subsistence": "Agriculture, type unknown", "religion": null}}, {"type": "Feature", "id": "Ae31", "geometry": {"type": "Point", "coordinates": [28.0, 2.0]}, "properties": {"soc_id": "Ae31", "name": "Budu", "subsistence": "Extensive agriculture", "religion": null}}, {"type": "Feature", "id": "Cb5", "geometry": {"type": "Point", "coordinates": [15.0, 13.0]}, "properties": {"soc_id": "Cb5", "name": "Buduma", "subsistence": null, "religion": null}}, {"type": "Feature", "id": "Af37", "geometry": {"type": "Point", "coordinates": [0.46, 7.22]}, "properties": {"soc_id": "Af37", "name": "Buem", "subsistence": "Extensive agriculture", "religion": null}}, {"type": "Feature", "id": "Ag38", "geometry": {"type": "Point", "coordinates": [-2.0, 11.0]}, "properties": {"soc_id": "Ag38", "name": "Builsa", "subsistence": "Extensive agriculture", "religion": null}}, {"type": "Feature", "id": "Ac21", "geometry": {"type": "Point", "coordinates": [19.0, -5.0]}, "properties": {"soc_id": "Ac21", "name": "Bunda", "subsistence": "Extensive agriculture", "religion": null}}, {"type": "Feature", "id": "Ah35", "geometry": {"type": "Point", "coordinates": [12.0, 10.0]}, "properties": {"soc_id": "Ah35", "name": "Bura", "subsistence": "Intensive agriculture", "religion": null}}, {"type": "Feature", "id": "Ca14", "geometry": {"type": "Point", "coordinates": [38.0, 5.0]}, "properties": {"soc_id": "Ca14", "name": "Burji", "subsistence": "Intensive agriculture", "religion": "Otiose"}}, {"type": "Feature", "id": "Ah18", "geometry": {"type": "Point", "coordinates": [10.0, 10.0]}, "properties": {"soc_id": "Ah18", "name": "Burmawa", "subsistence": "Intensive agriculture", "religion": null}}, {"type": "Feature", "id": "Ac31", "geometry": {"type": "Point", "coordinates": [28.0, -7.0]}, "properties": {"soc_id": "Ac31", "name": "Buye", "subsistence": "Extensive agriculture", "religion": "Otiose"}}, {"type": "Feature", "id": "Ai23", "geometry": {"type": "Point", "coordinates": [19.0, 3.0]}, "properties": {"soc_id": "Ai23", "name": "Bwaka", "subsistence": "Extensive agriculture", "religion": "Otiose"}}, {"type": "Feature", "id": "Cc16", "geometry": {"type": "Point", "coordinates": [3.0, 32.0]}, "properties": {"soc_id": "Cc16", "name": "Chaambra", "subsistence": "Pastoralism", "religion": "Active, supporting morality"}}, {"type": "Feature", "id": "Ad3", "geometry": {"type": "Point", "coordinates": [37.0, -3.0]}, "properties": {"soc_id": "Ad3", "name": "Chagga", "subsistence": "Intensive agriculture", "religion": "Absent"}}, {"type": "Feature", "id": "Ah28", "geometry": {"type": "Point", "coordinates": [11.0, 8.0]}, "properties": {"soc_id": "Ah28", "name": "Chamba", "subsistence": "Extensive agriculture", "religion": null}}, {"type": "Feature", "id": "Ah10", "geometry": {"type": "Point", "coordinates": [9.0, 10.0]}, "properties": {"soc_id": "Ah10", "name": "Chawai", "subsistence": "Extensive agriculture", "religion": "Active, but not supporting morality"}}, {"type": "Feature", "id": "Ac10", "geometry": {"type": "Point", "coordinates": [33.0, -14.0]}, "properties": {"soc_id": "Ac10", "name": "Chewa", "subsistence": "Extensive agriculture", "religion": "Absent"}}, {"type": "Feature", "id": "Ac12", "geometry": {"type": "Point", "coordinates": [21.0, -10.0]}, "properties": {"soc_id": "Ac12", "name": "Chokwe", "subsistence": "Extensive agriculture", "religion": null}}, {"type": "Feature", "id": "Ab22", "geometry": {"type": "Point", "coordinates": [34.47, -24.76]}, "properties": {"soc_id": "Ab22", "name": "Chopi", "subsistence": "Agriculture, type unknown", "religion": null}}, {"type": "Feature", "id": "Ag8", "geometry": {"type": "Point", "coordinates": [-13.0, 13.0]}, "properties": {"soc_id": "Ag8", "name": "Coniagui", "subsistence": "Extensive agriculture", "religion": "Otiose"}}, {"type": "Feature", "id": "Ag39", "geometry": {"type": "Point", "coordinates": [-3.0, 11.0]}, "properties": {"soc_id": "Ag39", "name": "Dagara", "subsistence": "Extensive agriculture", "religion": null}}, {"type": "Feature", "id": "Ag44", "geometry": {"type": "Point", "coordinates": [0.0, 9.0]}, "properties": {"soc_id": "Ag44", "name": "Dagomba", "subsistence": "Extensive agriculture", "religion": null}}, {"type": "Feature", "id": "Ah29", "geometry": {"type": "Point", "coordinates": [11.0, 8.0]}, "properties": {"soc_id": "Ah29", "name": "Daka", "subsistence": "Extensive agriculture", "religion": null}}, {"type": "Feature", "id": "Ah13", "geometry": {"type": "Point", "coordinates": [5.0, 12.0]}, "properties": {"soc_id": "Ah13", "name": "Dakakari", "subsistence": "Extensive agriculture", "religion": "Otiose"}}, {"type": "Feature", "id": "Af50", "geometry": {"type": "Point", "coordinates": [-8.0, 8.0]}, "properties": {"soc_id": "Af50", "name": "Dan", "subsistence": "Extensive agriculture", "religion": null}}, {"type": "Feature", "id": "Ca15", "geometry": {"type": "Point", "coordinates": [38.0, 6.0]}, "properties": {"soc_id": "Ca15", "name": "Darasa", "subsistence": "Intensive agriculture", "religion": null}}, {"type": "Feature", "id": "Cc14", "geometry": {"type": "Point", "coordinates": [18.0, 17.0]}, "properties": {"soc_id": "Cc14", "name": "Daza", "subsistence": null, "religion": "Active, supporting morality"}}, {"type": "Feature", "id": "Cc17", "geometry": {"type": "Point", "coordinates": [-15.0, 22.0]}, "properties": {"soc_id": "Cc17", "name": "Delim", "subsistence": "Pastoralism", "religion": "Active, supporting morality"}}, {"type": "Feature", "id": "Cb28", "geometry": {"type": "Point", "coordinates": [12.0, 10.0]}, "properties": {"soc_id": "Cb28", "name": "Dera", "subsistence": "Intensive agriculture", "religion": null}}, {"type": "Feature", "id": "Aj19", "geometry": {"type": "Point", "coordinates": [34.0, 4.0]}, "properties": {"soc_id": "Aj19", "name": "Didinga", "subsistence": null, "religion": null}}, {"type": "Feature", "id": "Ad30", "geometry": {"type": "Point", "coordinates": [39.0, -4.0]}, "properties": {"soc_id": "Ad30", "name": "Digo", "subsistence": "Extensive agriculture", "religion": "Active, supporting morality"}}, {"type": "Feature", "id": "Ai8", "geometry": {"type": "Point", "coordinates": [30.0, 12.0]}, "properties": {"soc_id": "Ai8", "name": "Dilling", "subsistence": "Intensive agriculture", "religion": null}}, {"type": "Feature", "id": "Ca24", "geometry": {"type": "Point", "coordinates": [36.0, 6.0]}, "properties": {"soc_id": "Ca24", "name": "Dime", "subsistence": "Intensive agriculture", "religion": "Otiose"}}, {"type": "Feature", "id": "Aj11", "geometry": {"type": "Point", "coordinates": [29.0, 9.0]}, "properties": {"soc_id": "Aj11", "name": "Dinka", "subsistence": "Pastoralism", "religion": "Otiose"}}, {"type": "Feature", "id": "Ag19", "geometry": {"type": "Point", "coordinates": [-16.19, 12.88]}, "properties": {"soc_id": "Ag19", "name": "Diola", "subsistence": "Extensive agriculture", "religion": null}}, {"type": "Feature", "id": "Ag27", "geometry": {"type": "Point", "coordinates": [-4.0, 9.0]}, "properties": {"soc_id": "Ag27", "name": "Diula", "subsistence": "Extensive agriculture", "religion": "Active, supporting morality"}}, {"type": "Feature", "id": "Cb21", "geometry": {"type": "Point", "coordinates": [13.0, 8.0]}, "properties": {"soc_id": "Cb21", "name": "Djafun", "subsistence": "Pastoralism", "religion": null}}, {"type": "Feature", "id": "Ag3", "geometry": {"type": "Point", "coordinates": [-3.0, 15.0]}, "properties": {"soc_id": "Ag3", "name": "Dogon", "subsistence": "Intensive agriculture", "religion": null}}, {"type": "Feature", "id": "Aa2", "geometry": {"type": "Point", "coordinates": [36.0, 0.0]}, "properties": {"soc_id": "Aa2", "name": "Dorobo", "subsistence": "Hunting", "religion": "Absent"}}, {"type": "Feature", "id": "Ag34", "geometry": {"type": "Point", "coordinates": [-4.0, 11.0]}, "properties": {"soc_id": "Ag34", "name": "Dorosie", "subsistence": "Extensive agriculture", "religion": null}}, {"type": "Feature", "id": "Ca41", "geometry": {"type": "Point", "coordinates": [38.0, 6.0]}, "properties": {"soc_id": "Ca41", "name": "Dorse", "subsistence": "Intensive agriculture", "religion": null}}, {"type": "Feature", "id": "Cc15", "geometry": {"type": "Point", "coordinates": [-7.0, 31.0]}, "properties": {"soc_id": "Cc15", "name": "Drawa", "subsistence": "Agriculture, type unknown", "religion": null}}, {"type": "Feature", "id": "Ae12", "geometry": {"type": "Point", "coordinates": [10.0, 4.0]}, "properties": {"soc_id": "Ae12", "name": "Duala", "subsistence": "Extensive agriculture", "religion": "Otiose"}}, {"type": "Feature", "id": "Ad31", "geometry": {"type": "Point", "coordinates": [39.0, -4.0]}, "properties": {"soc_id": "Ad31", "name": "Duruma", "subsistence": "Agriculture, type unknown", "religion": null}}, {"type": "Feature", "id": "Ag33", "geometry": {"type": "Point", "coordinates": [-3.0, 11.0]}, "properties": {"soc_id": "Ag33", "name": "Dyan", "subsistence": "Extensive agriculture", "religion": null}}, {"type": "Feature", "id": "Ae40", "geometry": {"type": "Point", "coordinates": [14.0, 3.0]}, "properties": {"soc_id": "Ae40", "name": "Dzem", "subsistence": "Extensive agriculture", "religion": null}}, {"type": "Feature", "id": "Ac22", "geometry": {"type": "Point", "coordinates": [20.0, -4.0]}, "properties": {"soc_id": "Ac22", "name": "Dzing", "subsistence": "Extensive agriculture", "religion": null}}, {"type": "Feature", "id": "Af13", "geometry": {"type": "Point", "coordinates": [7.0, 8.0]}, "properties": {"soc_id": "Af13", "name": "Ebira", "subsistence": "Extensive agriculture", "religion": "Otiose"}}, {"type": "Feature", "id": "Af24", "geometry": {"type": "Point", "coordinates": [6.0, 6.0]}, "properties": {"soc_id": "Af24", "name": "Edo", "subsistence": "Extensive agriculture", "religion": "Otiose"}}, {"type": "Feature", "id": "Af19", "geometry": {"type": "Point", "coordinates": [8.0, 5.0]}, "properties": {"soc_id": "Af19", "name": "Efik", "subsistence": "Extensive agriculture", "religion": "Otiose"}}, {"type": "Feature", "id": "Af32", "geometry": {"type": "Point", "coordinates": [3.0, 7.0]}, "properties": {"soc_id": "Af32", "name": "Egba", "subsistence": "Extensive agriculture", "religion": "Otiose"}}, {"type": "Feature", "id": "Cd2", "geometry": {"type": "Point", "coordinates": [33.0, 25.0]}, "properties": {"soc_id": "Cd2", "name": "Egyptians", "subsistence": "Intensive agriculture", "religion": "Active, supporting morality"}}, {"type": "Feature", "id": "Af33", "geometry": {"type": "Point", "coordinates": [5.0, 8.0]}, "properties": {"soc_id": "Af33", "name": "Ekiti", "subsistence": "Extensive agriculture", "religion": "Otiose"}}, {"type": "Feature", "id": "Af18", "geometry": {"type": "Point", "coordinates": [8.0, 6.0]}, "properties": {"soc_id": "Af18", "name": "Ekoi", "subsistence": "Extensive agriculture", "religion": null}}, {"type": "Feature", "id": "Ae20", "geometry": {"type": "Point", "coordinates": [18.0, -2.0]}, "properties": {"soc_id": "Ae20", "name": "Ekonda", "subsistence": "Extensive agriculture", "religion": null}}, {"type": "Feature", "id": "Af27", "geometry": {"type": "Point", "coordinates": [8.0, 8.0]}, "properties": {"soc_id": "Af27", "name": "Eloyi", "subsistence": "Extensive agriculture", "religion": null}}, {"type": "Feature", "id": "Af36", "geometry": {"type": "Point", "coordinates": [1.0, 7.0]}, "properties": {"soc_id": "Af36", "name": "Ewe", "subsistence": "Extensive agriculture", "religion": "Otiose"}}, {"type": "Feature", "id": "Ai12", "geometry": {"type": "Point", "coordinates": [14.0, 10.0]}, "properties": {"soc_id": "Ai12", "name": "Fali", "subsistence": "Extensive agriculture", "religion": "Otiose"}}, {"type": "Feature", "id": "Ae3", "geometry": {"type": "Point", "coordinates": [11.0, 1.0]}, "properties": {"soc_id": "Ae3", "name": "Fang", "subsistence": "Extensive agriculture", "religion": "Otiose"}}, {"type": "Feature", "id": "Af42", "geometry": {"type": "Point", "coordinates": [-1.0, 6.0]}, "properties": {"soc_id": "Af42", "name": "Fante", "subsistence": "Extensive agriculture", "religion": "Otiose"}}, {"type": "Feature", "id": "Ad19", "geometry": {"type": "Point", "coordinates": [31.0, -8.0]}, "properties": {"soc_id": "Ad19", "name": "Fipa", "subsistence": "Extensive agriculture", "religion": "Otiose"}}, {"type": "Feature", "id": "Af1", "geometry": {"type": "Point", "coordinates": [2.0, 7.0]}, "properties": {"soc_id": "Af1", "name": "Fon", "subsistence": "Extensive agriculture", "religion": "Absent"}}, {"type": "Feature", "id": "Ae52", "geometry": {"type": "Point", "coordinates": [10.0, 7.0]}, "properties": {"soc_id": "Ae52", "name": "Fungom", "subsistence": "Agriculture, type unknown", "religion": null}}, {"type": "Feature", "id": "Cb17", "geometry": {"type": "Point", "coordinates": [24.0, 12.0]}, "properties": {"soc_id": "Cb17", "name": "Fur", "subsistence": "Intensive agriculture", "religion": "Active, supporting morality"}}, {"type": "Feature", "id": "Ae9", "geometry": {"type": "Point", "coordinates": [10.0, 6.0]}, "properties": {"soc_id": "Ae9", "name": "Fut", "subsistence": "Extensive agriculture", "religion": "Active, but not supporting morality"}}, {"type": "Feature", "id": "Ag6", "geometry": {"type": "Point", "coordinates": [-13.0, 11.0]}, "properties": {"soc_id": "Ag6", "name": "Futajalonke", "subsistence": null, "religion": "Active, supporting morality"}}, {"type": "Feature", "id": "Af43", "geometry": {"type": "Point", "coordinates": [0.0, 6.0]}, "properties": {"soc_id": "Af43", "name": "Ga", "subsistence": null, "religion": "Absent"}}, {"type": "Feature", "id": "Af51", "geometry": {"type": "Point", "coordinates": [-6.0, 7.0]}, "properties": {"soc_id": "Af51", "name": "Gagu", "subsistence": "Extensive agriculture", "religion": null}}, {"type": "Feature", "id": "Ca20", "geometry": {"type": "Point", "coordinates": [36.0, 5.0]}, "properties": {"soc_id": "Ca20", "name": "Galab", "subsistence": "Pastoralism", "religion": "Otiose"}}, {"type": "Feature", "id": "Ad7", "geometry": {"type": "Point", "coordinates": [32.0, 1.0]}, "properties": {"soc_id": "Ad7", "name": "Ganda", "subsistence": "Intensive agriculture", "religion": "Otiose"}}, {"type": "Feature", "id": "Ae19", "geometry": {"type": "Point", "coordinates": [28.0, -11.0]}, "properties": {"soc_id": "Ae19", "name": "Garanganze", "subsistence": "Agriculture, type unknown", "religion": null}}, {"type": "Feature", "id": "Af28", "geometry": {"type": "Point", "coordinates": [10.0, 10.0]}, "properties": {"soc_id": "Af28", "name": "Gbagyi", "subsistence": "Intensive agriculture", "religion": "Active, but not supporting morality"}}, {"type": "Feature", "id": "Af54", "geometry": {"type": "Point", "coordinates": [-10.0, 8.0]}, "properties": {"soc_id": "Af54", "name": "Gbande", "subsistence": "Extensive agriculture", "religion": "Otiose"}}, {"type": "Feature", "id": "Ai7", "geometry": {"type": "Point", "coordinates": [16.0, 6.0]}, "properties": {"soc_id": "Ai7", "name": "Gbaya", "subsistence": "Extensive agriculture", "religion": "Otiose"}}, {"type": "Feature", "id": "Ca12", "geometry": {"type": "Point", "coordinates": [37.0, 8.0]}, "properties": {"soc_id": "Ca12", "name": "Gibe", "subsistence": "Intensive agriculture", "religion": "Active, supporting morality"}}, {"type": "Feature", "id": "Cb12", "geometry": {"type": "Point", "coordinates": [32.0, 13.0]}, "properties": {"soc_id": "Cb12", "name": "Gimma", "subsistence": "Pastoralism", "religion": "Active, supporting morality"}}, {"type": "Feature", "id": "Ad32", "geometry": {"type": "Point", "coordinates": [40.0, -3.0]}, "properties": {"soc_id": "Ad32", "name": "Giriama", "subsistence": "Extensive agriculture", "religion": "Absent"}}, {"type": "Feature", "id": "Ai17", "geometry": {"type": "Point", "coordinates": [14.0, 10.0]}, "properties": {"soc_id": "Ai17", "name": "Gisiga", "subsistence": "Extensive agriculture", "religion": "Otiose"}}, {"type": "Feature", "id": "Ad9", "geometry": {"type": "Point", "coordinates": [34.0, 1.0]}, "properties": {"soc_id": "Ad9", "name": "Gisu", "subsistence": "Extensive agriculture", "religion": "Otiose"}}, {"type": "Feature", "id": "Ad24", "geometry": {"type": "Point", "coordinates": [36.0, -7.0]}, "properties": {"soc_id": "Ad24", "name": "Gogo", "subsistence": "Extensive agriculture", "religion": null}}, {"type": "Feature", "id": "Af55", "geometry": {"type": "Point", "coordinates": [-11.0, 7.0]}, "properties": {"soc_id": "Af55", "name": "Gola", "subsistence": "Extensive agriculture", "religion": null}}, {"type": "Feature", "id": "Ca9", "geometry": {"type": "Point", "coordinates": [36.0, -4.0]}, "properties": {"soc_id": "Ca9", "name": "Goroa", "subsistence": null, "religion": "Absent"}}, {"type": "Feature", "id": "Ah36", "geometry": {"type": "Point", "coordinates": [13.0, 10.0]}, "properties": {"soc_id": "Ah36", "name": "Gude", "subsistence": "Intensive agriculture", "religion": "Otiose"}}, {"type": "Feature", "id": "Ca8", "geometry": {"type": "Point", "coordinates": [38.0, 8.0]}, "properties": {"soc_id": "Ca8", "name": "Gurage", "subsistence": "Intensive agriculture", "religion": "Otiose"}}, {"type": "Feature", "id": "Ah6", "geometry": {"type": "Point", "coordinates": [8.0, 10.0]}, "properties": {"soc_id": "Ah6", "name": "Gure", "subsistence": "Extensive agriculture", "religion": "Otiose"}}, {"type": "Feature", "id": "Ag45", "geometry": {"type": "Point", "coordinates": [2.0, 12.0]}, "properties": {"soc_id": "Ag45", "name": "Gurma", "subsistence": "Extensive agriculture", "religion": null}}, {"type": "Feature", "id": "Af52", "geometry": {"type": "Point", "coordinates": [-6.0, 7.0]}, "properties": {"soc_id": "Af52", "name": "Guro", "subsistence": "Extensive agriculture", "religion": null}}, {"type": "Feature", "id": "Ad12", "geometry": {"type": "Point", "coordinates": [35.0, -1.0]}, "properties": {"soc_id": "Ad12", "name": "Gusii", "subsistence": "Extensive agriculture", "religion": null}}, {"type": "Feature", "id": "Ae14", "geometry": {"type": "Point", "coordinates": [30.0, -5.0]}, "properties": {"soc_id": "Ae14", "name": "Ha", "subsistence": "Intensive agriculture", "religion": "Otiose"}}, {"type": "Feature", "id": "Cb13", "geometry": {"type": "Point", "coordinates": [25.0, 11.0]}, "properties": {"soc_id": "Cb13", "name": "Habbaniya", "subsistence": "Pastoralism", "religion": "Active, supporting morality"}}, {"type": "Feature", "id": "Ca43", "geometry": {"type": "Point", "coordinates": [36.0, 18.0]}, "properties": {"soc_id": "Ca43", "name": "Hadendowa", "subsistence": "Pastoralism", "religion": null}}, {"type": "Feature", "id": "Aa9", "geometry": {"type": "Point", "coordinates": [35.0, -3.0]}, "properties": {"soc_id": "Aa9", "name": "Hadza", "subsistence": "Gathering", "religion": "Absent"}}, {"type": "Feature", "id": "Cd13", "geometry": {"type": "Point", "coordinates": [9.0, 30.0]}, "properties": {"soc_id": "Cd13", "name": "Hamama", "subsistence": "Pastoralism", "religion": "Active, supporting morality"}}, {"type": "Feature", "id": "Ca21", "geometry": {"type": "Point", "coordinates": [36.0, 5.0]}, "properties": {"soc_id": "Ca21", "name": "Hamar", "subsistence": "Pastoralism", "religion": "Otiose"}}, {"type": "Feature", "id": "Cd14", "geometry": {"type": "Point", "coordinates": [2.0, 35.0]}, "properties": {"soc_id": "Cd14", "name": "Hamyan", "subsistence": "Pastoralism", "religion": "Active, supporting morality"}}, {"type": "Feature", "id": "Cb4", "geometry": {"type": "Point", "coordinates": [32.0, 14.0]}, "properties": {"soc_id": "Cb4", "name": "Hasania", "subsistence": null, "religion": "Active, supporting morality"}}, {"type": "Feature", "id": "Cb9", "geometry": {"type": "Point", "coordinates": [9.0, 12.0]}, "properties": {"soc_id": "Cb9", "name": "Hausa Kanawa", "subsistence": "Extensive agriculture", "religion": "Active, supporting morality"}}, {"type": "Feature", "id": "Ad42", "geometry": {"type": "Point", "coordinates": [32.0, -1.0]}, "properties": {"soc_id": "Ad42", "name": "Haya", "subsistence": "Intensive agriculture", "religion": "Otiose"}}, {"type": "Feature", "id": "Ad8", "geometry": {"type": "Point", "coordinates": [35.0, -8.0]}, "properties": {"soc_id": "Ad8", "name": "Hehe", "subsistence": "Intensive agriculture", "religion": null}}, {"type": "Feature", "id": "Cb14", "geometry": {"type": "Point", "coordinates": [20.0, 11.0]}, "properties": {"soc_id": "Cb14", "name": "Hemat", "subsistence": null, "religion": "Active, supporting morality"}}, {"type": "Feature", "id": "Ab1", "geometry": {"type": "Point", "coordinates": [16.0, -21.0]}, "properties": {"soc_id": "Ab1", "name": "Herero", "subsistence": "Pastoralism", "religion": null}}, {"type": "Feature", "id": "Aj26", "geometry": {"type": "Point", "coordinates": [36.0, 1.0]}, "properties": {"soc_id": "Aj26", "name": "Hill Suk", "subsistence": "Intensive agriculture", "religion": "Otiose"}}, {"type": "Feature", "id": "Ae15", "geometry": {"type": "Point", "coordinates": [28.0, -2.0]}, "properties": {"soc_id": "Ae15", "name": "Hunde", "subsistence": "Intensive agriculture", "religion": null}}, {"type": "Feature", "id": "Ah37", "geometry": {"type": "Point", "coordinates": [13.0, 10.0]}, "properties": {"soc_id": "Ah37", "name": "Hwana", "subsistence": "Intensive agriculture", "religion": null}}, {"type": "Feature", "id": "Af20", "geometry": {"type": "Point", "coordinates": [8.0, 5.0]}, "properties": {"soc_id": "Af20", "name": "Ibibio", "subsistence": "Extensive agriculture", "religion": "Otiose"}}, {"type": "Feature", "id": "Af29", "geometry": {"type": "Point", "coordinates": [8.0, 7.0]}, "properties": {"soc_id": "Af29", "name": "Idoma", "subsistence": "Extensive agriculture", "religion": null}}, {"type": "Feature", "id": "Af34", "geometry": {"type": "Point", "coordinates": [5.0, 7.0]}, "properties": {"soc_id": "Af34", "name": "Ife", "subsistence": "Extensive agriculture", "religion": "Otiose"}}, {"type": "Feature", "id": "Cc12", "geometry": {"type": "Point", "coordinates": [2.0, 20.0]}, "properties": {"soc_id": "Cc12", "name": "Ifora", "subsistence": "Pastoralism", "religion": "Active, supporting morality"}}, {"type": "Feature", "id": "Af30", "geometry": {"type": "Point", "coordinates": [7.0, 7.0]}, "properties": {"soc_id": "Af30", "name": "Igala", "subsistence": "Extensive agriculture", "religion": null}}, {"type": "Feature", "id": "Af10", "geometry": {"type": "Point", "coordinates": [7.0, 6.0]}, "properties": {"soc_id": "Af10", "name": "Igbo", "subsistence": "Extensive agriculture", "religion": "Otiose"}}, {"type": "Feature", "id": "Ac1", "geometry": {"type": "Point", "coordinates": [27.0, -16.0]}, "properties": {"soc_id": "Ac1", "name": "Ila", "subsistence": "Extensive agriculture", "religion": "Otiose"}}, {"type": "Feature", "id": "Ai4", "geometry": {"type": "Point", "coordinates": [34.0, 11.0]}, "properties": {"soc_id": "Ai4", "name": "Ingassana", "subsistence": "Intensive agriculture", "religion": null}}, {"type": "Feature", "id": "Ca4", "geometry": {"type": "Point", "coordinates": [35.0, -4.0]}, "properties": {"soc_id": "Ca4", "name": "Iraqw", "subsistence": null, "religion": null}}, {"type": "Feature", "id": "Ag40", "geometry": {"type": "Point", "coordinates": [-2.0, 10.0]}, "properties": {"soc_id": "Ag40", "name": "Isala", "subsistence": "Extensive agriculture", "religion": null}}, {"type": "Feature", "id": "Af25", "geometry": {"type": "Point", "coordinates": [6.0, 5.0]}, "properties": {"soc_id": "Af25", "name": "Isoko", "subsistence": "Extensive agriculture", "religion": "Otiose"}}, {"type": "Feature", "id": "Af22", "geometry": {"type": "Point", "coordinates": [5.0, 6.0]}, "properties": {"soc_id": "Af22", "name": "Itsekiri", "subsistence": "Fishing", "religion": "Otiose"}}, {"type": "Feature", "id": "Ad15", "geometry": {"type": "Point", "coordinates": [32.0, -10.0]}, "properties": {"soc_id": "Ad15", "name": "Iwa", "subsistence": "Extensive agriculture", "religion": "Otiose"}}, {"type": "Feature", "id": "Cd15", "geometry": {"type": "Point", "coordinates": [-5.0, 35.0]}, "properties": {"soc_id": "Cd15", "name": "Jebala", "subsistence": "Intensive agriculture", "religion": "Active, supporting morality"}}, {"type": "Feature", "id": "Ah23", "geometry": {"type": "Point", "coordinates": [11.0, 8.0]}, "properties": {"soc_id": "Ah23", "name": "Jibu", "subsistence": "Agriculture, type unknown", "religion": null}}, {"type": "Feature", "id": "Aj21", "geometry": {"type": "Point", "coordinates": [34.0, 3.0]}, "properties": {"soc_id": "Aj21", "name": "Jie", "subsistence": "Extensive agriculture", "religion": "Active, but not supporting morality"}}, {"type": "Feature", "id": "Ca39", "geometry": {"type": "Point", "coordinates": [37.0, 8.0]}, "properties": {"soc_id": "Ca39", "name": "Jimma", "subsistence": "Intensive agriculture", "religion": "Active, supporting morality"}}, {"type": "Feature", "id": "Ah2", "geometry": {"type": "Point", "coordinates": [10.0, 8.0]}, "properties": {"soc_id": "Ah2", "name": "Jukun", "subsistence": "Extensive agriculture", "religion": null}}, {"type": "Feature", "id": "Ai36", "geometry": {"type": "Point", "coordinates": [28.0, 8.0]}, "properties": {"soc_id": "Ai36", "name": "Jur", "subsistence": "Extensive agriculture", "religion": null}}, {"type": "Feature", "id": "Cc6", "geometry": {"type": "Point", "coordinates": [31.0, 17.0]}, "properties": {"soc_id": "Cc6", "name": "Kababish", "subsistence": "Pastoralism", "religion": "Active, supporting morality"}}, {"type": "Feature", "id": "Ag49", "geometry": {"type": "Point", "coordinates": [2.0, 10.0]}, "properties": {"soc_id": "Ag49", "name": "Kabre", "subsistence": "Intensive agriculture", "religion": "Otiose"}}, {"type": "Feature", "id": "Cd4", "geometry": {"type": "Point", "coordinates": [4.0, 36.0]}, "properties": {"soc_id": "Cd4", "name": "Kabyle", "subsistence": "Intensive agriculture", "religion": "Active, supporting morality"}}, {"type": "Feature", "id": "Ca30", "geometry": {"type": "Point", "coordinates": [36.0, 7.0]}, "properties": {"soc_id": "Ca30", "name": "Kafa", "subsistence": "Intensive agriculture", "religion": "Otiose"}}, {"type": "Feature", "id": "Ah20", "geometry": {"type": "Point", "coordinates": [8.0, 10.0]}, "properties": {"soc_id": "Ah20", "name": "Kagoro", "subsistence": "Intensive agriculture", "religion": "Otiose"}}, {"type": "Feature", "id": "Ad50", "geometry": {"type": "Point", "coordinates": [37.0, -6.0]}, "properties": {"soc_id": "Ad50", "name": "Kaguru", "subsistence": "Extensive agriculture", "religion": "Otiose"}}, {"type": "Feature", "id": "Aj14", "geometry": {"type": "Point", "coordinates": [31.0, 4.0]}, "properties": {"soc_id": "Aj14", "name": "Kakwa", "subsistence": "Extensive agriculture", "religion": "Otiose"}}, {"type": "Feature", "id": "Ad34", "geometry": {"type": "Point", "coordinates": [38.0, -2.0]}, "properties": {"soc_id": "Ad34", "name": "Kamba", "subsistence": "Intensive agriculture", "religion": "Otiose"}}, {"type": "Feature", "id": "Ah14", "geometry": {"type": "Point", "coordinates": [6.0, 11.0]}, "properties": {"soc_id": "Ah14", "name": "Kamuku", "subsistence": "Intensive agriculture", "religion": "Otiose"}}, {"type": "Feature", "id": "Cb18", "geometry": {"type": "Point", "coordinates": [14.0, 14.0]}, "properties": {"soc_id": "Cb18", "name": "Kanembu", "subsistence": "Intensive agriculture", "religion": "Active, supporting morality"}}, {"type": "Feature", "id": "Cb19", "geometry": {"type": "Point", "coordinates": [13.0, 12.0]}, "properties": {"soc_id": "Cb19", "name": "Kanuri", "subsistence": "Intensive agriculture", "religion": "Active, supporting morality"}}, {"type": "Feature", "id": "Ac32", "geometry": {"type": "Point", "coordinates": [26.0, -13.0]}, "properties": {"soc_id": "Ac32", "name": "Kaonde", "subsistence": "Extensive agriculture", "religion": null}}, {"type": "Feature", "id": "Ah38", "geometry": {"type": "Point", "coordinates": [14.0, 11.0]}, "properties": {"soc_id": "Ah38", "name": "Kapsiki", "subsistence": "Intensive agriculture", "religion": "Otiose"}}, {"type": "Feature", "id": "Ad38", "geometry": {"type": "Point", "coordinates": [33.0, -2.0]}, "properties": {"soc_id": "Ad38", "name": "Kara", "subsistence": "Intensive agriculture", "religion": null}}, {"type": "Feature", "id": "Aj30", "geometry": {"type": "Point", "coordinates": [34.0, 2.0]}, "properties": {"soc_id": "Aj30", "name": "Karamojong", "subsistence": "Pastoralism", "religion": null}}, {"type": "Feature", "id": "Cb10", "geometry": {"type": "Point", "coordinates": [11.0, 12.0]}, "properties": {"soc_id": "Cb10", "name": "Karekare", "subsistence": "Extensive agriculture", "religion": null}}, {"type": "Feature", "id": "Ag13", "geometry": {"type": "Point", "coordinates": [-1.0, 11.0]}, "properties": {"soc_id": "Ag13", "name": "Kasena", "subsistence": "Extensive agriculture", "religion": null}}, {"type": "Feature", "id": "Ag23", "geometry": {"type": "Point", "coordinates": [-11.0, 13.0]}, "properties": {"soc_id": "Ag23", "name": "Kasonke", "subsistence": "Extensive agriculture", "religion": null}}, {"type": "Feature", "id": "Ah1", "geometry": {"type": "Point", "coordinates": [8.0, 10.0]}, "properties": {"soc_id": "Ah1", "name": "Katab", "subsistence": "Intensive agriculture", "religion": "Active, but not supporting morality"}}, {"type": "Feature", "id": "Cc5", "geometry": {"type": "Point", "coordinates": [-3.0, 18.0]}, "properties": {"soc_id": "Cc5", "name": "Kel Antessar", "subsistence": "Pastoralism", "religion": "Active, supporting morality"}}, {"type": "Feature", "id": "Ae21", "geometry": {"type": "Point", "coordinates": [23.0, -3.0]}, "properties": {"soc_id": "Ae21", "name": "Kela", "subsistence": "Extensive agriculture", "religion": null}}, {"type": "Feature", "id": "Ah24", "geometry": {"type": "Point", "coordinates": [10.0, 7.0]}, "properties": {"soc_id": "Ah24", "name": "Kentu", "subsistence": "Agriculture, type unknown", "religion": null}}, {"type": "Feature", "id": "Ad43", "geometry": {"type": "Point", "coordinates": [33.0, -3.0]}, "properties": {"soc_id": "Ad43", "name": "Kerewe", "subsistence": "Intensive agriculture", "religion": null}}, {"type": "Feature", "id": "Aj25", "geometry": {"type": "Point", "coordinates": [36.0, 0.0]}, "properties": {"soc_id": "Aj25", "name": "Keyu", "subsistence": null, "religion": null}}, {"type": "Feature", "id": "Ad13", "geometry": {"type": "Point", "coordinates": [30.0, -3.0]}, "properties": {"soc_id": "Ad13", "name": "Kiga", "subsistence": "Extensive agriculture", "religion": "Otiose"}}, {"type": "Feature", "id": "Ad4", "geometry": {"type": "Point", "coordinates": [37.0, -1.0]}, "properties": {"soc_id": "Ad4", "name": "Kikuyu", "subsistence": "Intensive agriculture", "religion": "Active, but not supporting morality"}}, {"type": "Feature", "id": "Aj9", "geometry": {"type": "Point", "coordinates": [36.0, -1.0]}, "properties": {"soc_id": "Aj9", "name": "Kipsigis", "subsistence": "Intensive agriculture", "religion": "Otiose"}}, {"type": "Feature", "id": "Ab21a", "geometry": {"type": "Point", "coordinates": [14.0, -10.0]}, "properties": {"soc_id": "Ab21a", "name": "Kisama", "subsistence": "Extensive agriculture", "religion": null}}, {"type": "Feature", "id": "Af2", "geometry": {"type": "Point", "coordinates": [-10.0, 9.0]}, "properties": {"soc_id": "Af2", "name": "Kissi", "subsistence": "Extensive agriculture", "religion": null}}, {"type": "Feature", "id": "Ai37", "geometry": {"type": "Point", "coordinates": [31.0, 12.0]}, "properties": {"soc_id": "Ai37", "name": "Koalib", "subsistence": "Intensive agriculture", "religion": null}}, {"type": "Feature", "id": "Ae53", "geometry": {"type": "Point", "coordinates": [11.0, 4.0]}, "properties": {"soc_id": "Ae53", "name": "Koko", "subsistence": "Agriculture, type unknown", "religion": null}}, {"type": "Feature", "id": "Ae54", "geometry": {"type": "Point", "coordinates": [10.0, 6.0]}, "properties": {"soc_id": "Ae54", "name": "Kom", "subsistence": "Agriculture, type unknown", "religion": null}}, {"type": "Feature", "id": "Ai46", "geometry": {"type": "Point", "coordinates": [35.0, 9.0]}, "properties": {"soc_id": "Ai46", "name": "Koma", "subsistence": "Extensive agriculture", "religion": null}}, {"type": "Feature", "id": "Ad44", "geometry": {"type": "Point", "coordinates": [30.0, -1.0]}, "properties": {"soc_id": "Ad44", "name": "Konjo", "subsistence": "Extensive agriculture", "religion": "Otiose"}}, {"type": "Feature", "id": "Ag10", "geometry": {"type": "Point", "coordinates": [0.0, 10.0]}, "properties": {"soc_id": "Ag10", "name": "Konkomba", "subsistence": "Extensive agriculture", "religion": "Otiose"}}, {"type": "Feature", "id": "Ca1", "geometry": {"type": "Point", "coordinates": [37.0, 6.0]}, "properties": {"soc_id": "Ca1", "name": "Konso", "subsistence": "Intensive agriculture", "religion": "Otiose"}}, {"type": "Feature", "id": "Ag24", "geometry": {"type": "Point", "coordinates": [-11.0, 9.0]}, "properties": {"soc_id": "Ag24", "name": "Koranko", "subsistence": "Extensive agriculture", "religion": null}}, {"type": "Feature", "id": "Af31", "geometry": {"type": "Point", "coordinates": [8.0, 18.0]}, "properties": {"soc_id": "Af31", "name": "Koro", "subsistence": "Agriculture, type unknown", "religion": null}}, {"type": "Feature", "id": "Ai38", "geometry": {"type": "Point", "coordinates": [30.0, 10.0]}, "properties": {"soc_id": "Ai38", "name": "Korongo", "subsistence": "Extensive agriculture", "religion": null}}, {"type": "Feature", "id": "Ae41", "geometry": {"type": "Point", "coordinates": [14.0, 1.0]}, "properties": {"soc_id": "Ae41", "name": "Kota", "subsistence": "Extensive agriculture", "religion": null}}, {"type": "Feature", "id": "Ai18", "geometry": {"type": "Point", "coordinates": [15.0, 12.0]}, "properties": {"soc_id": "Ai18", "name": "Kotoko", "subsistence": "Intensive agriculture", "religion": "Active, supporting morality"}}, {"type": "Feature", "id": "Ae2", "geometry": {"type": "Point", "coordinates": [9.27, 4.22]}, "properties": {"soc_id": "Ae2", "name": "Kpe", "subsistence": "Extensive agriculture", "religion": "Otiose"}}, {"type": "Feature", "id": "Af15", "geometry": {"type": "Point", "coordinates": [-9.0, 7.0]}, "properties": {"soc_id": "Af15", "name": "Kpelle", "subsistence": "Extensive agriculture", "religion": "Otiose"}}, {"type": "Feature", "id": "Af47", "geometry": {"type": "Point", "coordinates": [-8.0, 6.0]}, "properties": {"soc_id": "Af47", "name": "Krahn", "subsistence": "Extensive agriculture", "religion": null}}, {"type": "Feature", "id": "Af48", "geometry": {"type": "Point", "coordinates": [-9.0, 5.0]}, "properties": {"soc_id": "Af48", "name": "Kru", "subsistence": "Extensive agriculture", "religion": null}}, {"type": "Feature", "id": "Ac4", "geometry": {"type": "Point", "coordinates": [22.0, -5.0]}, "properties": {"soc_id": "Ac4", "name": "Kuba", "subsistence": "Extensive agriculture", "religion": "Otiose"}}, {"type": "Feature", "id": "Aj15", "geometry": {"type": "Point", "coordinates": [32.0, 4.0]}, "properties": {"soc_id": "Aj15", "name": "Kuku", "subsistence": "Intensive agriculture", "religion": "Otiose"}}, {"type": "Feature", "id": "Af26", "geometry": {"type": "Point", "coordinates": [6.0, 7.0]}, "properties": {"soc_id": "Af26", "name": "Kukuruku", "subsistence": "Extensive agriculture", "religion": null}}, {"type": "Feature", "id": "Ag35", "geometry": {"type": "Point", "coordinates": [-3.0, 7.0]}, "properties": {"soc_id": "Ag35", "name": "Kulango", "subsistence": "Extensive agriculture", "religion": null}}, {"type": "Feature", "id": "Ae32", "geometry": {"type": "Point", "coordinates": [27.0, -1.0]}, "properties": {"soc_id": "Ae32", "name": "Kumu", "subsistence": "Extensive agriculture", "religion": null}}, {"type": "Feature", "id": "Ca33", "geometry": {"type": "Point", "coordinates": [37.0, 15.0]}, "properties": {"soc_id": "Ca33", "name": "Kunama", "subsistence": "Extensive agriculture", "religion": null}}, {"type": "Feature", "id": "Ac37", "geometry": {"type": "Point", "coordinates": [32.0, -15.0]}, "properties": {"soc_id": "Ac37", "name": "Kunda", "subsistence": "Extensive agriculture", "religion": null}}, {"type": "Feature", "id": "Ae45", "geometry": {"type": "Point", "coordinates": [9.0, 10.0]}, "properties": {"soc_id": "Ae45", "name": "Kundu", "subsistence": "Extensive agriculture", "religion": null}}, {"type": "Feature", "id": "Cc18", "geometry": {"type": "Point", "coordinates": [-1.0, 19.0]}, "properties": {"soc_id": "Cc18", "name": "Kunta", "subsistence": "Pastoralism", "religion": "Active, supporting morality"}}, {"type": "Feature", "id": "Ah21", "geometry": {"type": "Point", "coordinates": [9.0, 10.0]}, "properties": {"soc_id": "Ah21", "name": "Kurama", "subsistence": "Extensive agriculture", "religion": null}}, {"type": "Feature", "id": "Ag41", "geometry": {"type": "Point", "coordinates": [0.0, 11.0]}, "properties": {"soc_id": "Ag41", "name": "Kusasi", "subsistence": "Intensive agriculture", "religion": "Otiose"}}, {"type": "Feature", "id": "Ae22", "geometry": {"type": "Point", "coordinates": [22.0, -4.0]}, "properties": {"soc_id": "Ae22", "name": "Kutsu", "subsistence": "Extensive agriculture", "religion": null}}, {"type": "Feature", "id": "Ad27", "geometry": {"type": "Point", "coordinates": [39.0, -7.0]}, "properties": {"soc_id": "Ad27", "name": "Kwere", "subsistence": "Extensive agriculture", "religion": null}}, {"type": "Feature", "id": "Aj22", "geometry": {"type": "Point", "coordinates": [34.0, 3.0]}, "properties": {"soc_id": "Aj22", "name": "Labwor", "subsistence": "Extensive agriculture", "religion": null}}, {"type": "Feature", "id": "Ai13", "geometry": {"type": "Point", "coordinates": [16.0, 8.0]}, "properties": {"soc_id": "Ai13", "name": "Laka", "subsistence": "Extensive agriculture", "religion": null}}, {"type": "Feature", "id": "Ac33", "geometry": {"type": "Point", "coordinates": [31.0, -15.0]}, "properties": {"soc_id": "Ac33", "name": "Lala", "subsistence": "Extensive agriculture", "religion": "Otiose"}}, {"type": "Feature", "id": "Ae23", "geometry": {"type": "Point", "coordinates": [23.0, -1.0]}, "properties": {"soc_id": "Ae23", "name": "Lalia", "subsistence": "Agriculture, type unknown", "religion": null}}, {"type": "Feature", "id": "Ac5", "geometry": {"type": "Point", "coordinates": [28.0, -13.0]}, "properties": {"soc_id": "Ac5", "name": "Lamba", "subsistence": "Extensive agriculture", "religion": "Otiose"}}, {"type": "Feature", "id": "Aj4", "geometry": {"type": "Point", "coordinates": [33.0, 2.0]}, "properties": {"soc_id": "Aj4", "name": "Lango", "subsistence": "Extensive agriculture", "religion": "Active, but not supporting morality"}}, {"type": "Feature", "id": "Ac23", "geometry": {"type": "Point", "coordinates": [21.0, -5.0]}, "properties": {"soc_id": "Ac23", "name": "Lele", "subsistence": "Extensive agriculture", "religion": "Absent"}}, {"type": "Feature", "id": "Ai29", "geometry": {"type": "Point", "coordinates": [30.0, 2.0]}, "properties": {"soc_id": "Ai29", "name": "Lendu", "subsistence": "Extensive agriculture", "religion": "Otiose"}}, {"type": "Feature", "id": "Ab16", "geometry": {"type": "Point", "coordinates": [34.0, -25.0]}, "properties": {"soc_id": "Ab16", "name": "Lenge", "subsistence": "Extensive agriculture", "religion": null}}, {"type": "Feature", "id": "Ai30", "geometry": {"type": "Point", "coordinates": [29.0, 2.0]}, "properties": {"soc_id": "Ai30", "name": "Lese", "subsistence": "Extensive agriculture", "religion": "Otiose"}}, {"type": "Feature", "id": "Cb22", "geometry": {"type": "Point", "coordinates": [0.0, 14.0]}, "properties": {"soc_id": "Cb22", "name": "Liptako", "subsistence": "Extensive agriculture", "religion": null}}, {"type": "Feature", "id": "Ag11", "geometry": {"type": "Point", "coordinates": [-4.0, 10.0]}, "properties": {"soc_id": "Ag11", "name": "Lobi", "subsistence": "Extensive agriculture", "religion": null}}, {"type": "Feature", "id": "Ai31", "geometry": {"type": "Point", "coordinates": [30.0, 3.0]}, "properties": {"soc_id": "Ai31", "name": "Logo", "subsistence": "Extensive agriculture", "religion": "Otiose"}}, {"type": "Feature", "id": "Ae27", "geometry": {"type": "Point", "coordinates": [25.0, 1.0]}, "properties": {"soc_id": "Ae27", "name": "Lokele", "subsistence": "Fishing", "religion": null}}, {"type": "Feature", "id": "Ah30", "geometry": {"type": "Point", "coordinates": [12.0, 10.0]}, "properties": {"soc_id": "Ah30", "name": "Longuda", "subsistence": "Intensive agriculture", "religion": null}}, {"type": "Feature", "id": "Aj12", "geometry": {"type": "Point", "coordinates": [33.0, 4.0]}, "properties": {"soc_id": "Aj12", "name": "Lotuko", "subsistence": "Extensive agriculture", "religion": "Active, but not supporting morality"}}, {"type": "Feature", "id": "Ab14", "geometry": {"type": "Point", "coordinates": [31.0, -24.0]}, "properties": {"soc_id": "Ab14", "name": "Lovedu", "subsistence": "Intensive agriculture", "religion": "Otiose"}}, {"type": "Feature", "id": "Ag36", "geometry": {"type": "Point", "coordinates": [-3.0, 11.0]}, "properties": {"soc_id": "Ag36", "name": "Lowiili", "subsistence": "Intensive agriculture", "religion": null}}, {"type": "Feature", "id": "Ab3", "geometry": {"type": "Point", "coordinates": [23.0, -15.0]}, "properties": {"soc_id": "Ab3", "name": "Lozi", "subsistence": "Intensive agriculture", "religion": "Otiose"}}, {"type": "Feature", "id": "Ac34", "geometry": {"type": "Point", "coordinates": [29.0, -10.0]}, "properties": {"soc_id": "Ac34", "name": "Luapula", "subsistence": "Extensive agriculture", "religion": "Active, but not supporting morality"}}, {"type": "Feature", "id": "Ae6", "geometry": {"type": "Point", "coordinates": [26.0, -8.0]}, "properties": {"soc_id": "Ae6", "name": "Luba", "subsistence": "Extensive agriculture", "religion": "Otiose"}}, {"type": "Feature", "id": "Ac27", "geometry": {"type": "Point", "coordinates": [23.0, -13.0]}, "properties": {"soc_id": "Ac27", "name": "Luchazi", "subsistence": "Extensive agriculture", "religion": "Otiose"}}, {"type": "Feature", "id": "Ai32", "geometry": {"type": "Point", "coordinates": [32.0, 3.0]}, "properties": {"soc_id": "Ai32", "name": "Lugbara", "subsistence": "Extensive agriculture", "religion": "Otiose"}}, {"type": "Feature", "id": "Ad14", "geometry": {"type": "Point", "coordinates": [38.0, -8.0]}, "properties": {"soc_id": "Ad14", "name": "Luguru", "subsistence": "Extensive agriculture", "religion": "Otiose"}}, {"type": "Feature", "id": "Ac28", "geometry": {"type": "Point", "coordinates": [18.0, -12.0]}, "properties": {"soc_id": "Ac28", "name": "Luimbe", "subsistence": "Fishing", "religion": null}}, {"type": "Feature", "id": "Ae16", "geometry": {"type": "Point", "coordinates": [23.0, -6.0]}, "properties": {"soc_id": "Ae16", "name": "Lulua", "subsistence": "Agriculture, type unknown", "religion": null}}, {"type": "Feature", "id": "Aj6", "geometry": {"type": "Point", "coordinates": [34.0, -1.0]}, "properties": {"soc_id": "Aj6", "name": "Luo", "subsistence": "Intensive agriculture", "religion": "Otiose"}}, {"type": "Feature", "id": "Ac11", "geometry": {"type": "Point", "coordinates": [22.0, -12.0]}, "properties": {"soc_id": "Ac11", "name": "Luvale", "subsistence": "Extensive agriculture", "religion": "Otiose"}}, {"type": "Feature", "id": "Ac29", "geometry": {"type": "Point", "coordinates": [19.0, -7.0]}, "properties": {"soc_id": "Ac29", "name": "Luwa", "subsistence": "Agriculture, type unknown", "religion": null}}, {"type": "Feature", "id": "Aj2", "geometry": {"type": "Point", "coordinates": [36.0, -2.0]}, "properties": {"soc_id": "Aj2", "name": "Maasi", "subsistence": "Pastoralism", "religion": null}}, {"type": "Feature", "id": "Ca13", "geometry": {"type": "Point", "coordinates": [37.0, 9.0]}, "properties": {"soc_id": "Ca13", "name": "Macha", "subsistence": "Intensive agriculture", "religion": null}}, {"type": "Feature", "id": "Ai33", "geometry": {"type": "Point", "coordinates": [32.0, 4.0]}, "properties": {"soc_id": "Ai33", "name": "Madi", "subsistence": "Extensive agriculture", "religion": "Otiose"}}, {"type": "Feature", "id": "Ah7", "geometry": {"type": "Point", "coordinates": [14.0, 11.0]}, "properties": {"soc_id": "Ah7", "name": "Mafa", "subsistence": "Intensive agriculture", "religion": "Otiose"}}, {"type": "Feature", "id": "Cb1", "geometry": {"type": "Point", "coordinates": [10.0, 12.0]}, "properties": {"soc_id": "Cb1", "name": "Maguzawa", "subsistence": "Agriculture, type unknown", "religion": null}}, {"type": "Feature", "id": "Ac41", "geometry": {"type": "Point", "coordinates": [40.0, -11.0]}, "properties": {"soc_id": "Ac41", "name": "Makonde", "subsistence": "Extensive agriculture", "religion": null}}, {"type": "Feature", "id": "Ac42", "geometry": {"type": "Point", "coordinates": [39.0, -15.0]}, "properties": {"soc_id": "Ac42", "name": "Makua", "subsistence": "Agriculture, type unknown", "religion": null}}, {"type": "Feature", "id": "Ca22", "geometry": {"type": "Point", "coordinates": [37.0, 6.0]}, "properties": {"soc_id": "Ca22", "name": "Male", "subsistence": null, "religion": "Otiose"}}, {"type": "Feature", "id": "Ag9", "geometry": {"type": "Point", "coordinates": [-9.0, 11.0]}, "properties": {"soc_id": "Ag9", "name": "Malinke", "subsistence": "Extensive agriculture", "religion": null}}, {"type": "Feature", "id": "Ah4", "geometry": {"type": "Point", "coordinates": [12.0, 7.0]}, "properties": {"soc_id": "Ah4", "name": "Mambila", "subsistence": "Intensive agriculture", "religion": null}}, {"type": "Feature", "id": "Ac43", "geometry": {"type": "Point", "coordinates": [32.0, 9.0]}, "properties": {"soc_id": "Ac43", "name": "Mambwe", "subsistence": "Extensive agriculture", "religion": "Otiose"}}, {"type": "Feature", "id": "Ai5", "geometry": {"type": "Point", "coordinates": [29.0, 3.0]}, "properties": {"soc_id": "Ai5", "name": "Mamvu", "subsistence": "Extensive agriculture", "religion": "Otiose"}}, {"type": "Feature", "id": "Ai24", "geometry": {"type": "Point", "coordinates": [18.0, 6.0]}, "properties": {"soc_id": "Ai24", "name": "Mandja", "subsistence": "Extensive agriculture", "religion": null}}, {"type": "Feature", "id": "Ai11", "geometry": {"type": "Point", "coordinates": [28.0, 3.0]}, "properties": {"soc_id": "Ai11", "name": "Mangbetu", "subsistence": "Extensive agriculture", "religion": "Otiose"}}, {"type": "Feature", "id": "Ag46", "geometry": {"type": "Point", "coordinates": [-1.0, 10.0]}, "properties": {"soc_id": "Ag46", "name": "Manprusi", "subsistence": "Intensive agriculture", "religion": null}}, {"type": "Feature", "id": "Ai47", "geometry": {"type": "Point", "coordinates": [35.0, 9.0]}, "properties": {"soc_id": "Ai47", "name": "Mao", "subsistence": "Extensive agriculture", "religion": "Otiose"}}, {"type": "Feature", "id": "Ah5", "geometry": {"type": "Point", "coordinates": [13.0, 11.0]}, "properties": {"soc_id": "Ah5", "name": "Margi", "subsistence": "Intensive agriculture", "religion": null}}, {"type": "Feature", "id": "Ai9", "geometry": {"type": "Point", "coordinates": [16.0, 10.0]}, "properties": {"soc_id": "Ai9", "name": "Masa", "subsistence": "Intensive agriculture", "religion": "Otiose"}}, {"type": "Feature", "id": "Ac15", "geometry": {"type": "Point", "coordinates": [18.0, -5.0]}, "properties": {"soc_id": "Ac15", "name": "Mbala", "subsistence": "Agriculture, type unknown", "religion": null}}, {"type": "Feature", "id": "Ai25", "geometry": {"type": "Point", "coordinates": [21.0, 4.0]}, "properties": {"soc_id": "Ai25", "name": "Mbandja", "subsistence": "Extensive agriculture", "religion": "Otiose"}}, {"type": "Feature", "id": "Ad5", "geometry": {"type": "Point", "coordinates": [36.0, -4.0]}, "properties": {"soc_id": "Ad5", "name": "Mbugwe", "subsistence": null, "religion": null}}, {"type": "Feature", "id": "Ai14", "geometry": {"type": "Point", "coordinates": [14.0, 7.0]}, "properties": {"soc_id": "Ai14", "name": "Mbum", "subsistence": "Extensive agriculture", "religion": "Otiose"}}, {"type": "Feature", "id": "Ab5", "geometry": {"type": "Point", "coordinates": [16.0, -12.0]}, "properties": {"soc_id": "Ab5", "name": "Mbundu", "subsistence": "Extensive agriculture", "religion": "Otiose"}}, {"type": "Feature", "id": "Aa5", "geometry": {"type": "Point", "coordinates": [28.0, 2.0]}, "properties": {"soc_id": "Aa5", "name": "Mbuti", "subsistence": "Hunting", "religion": "Absent"}}, {"type": "Feature", "id": "Ai45", "geometry": {"type": "Point", "coordinates": [34.0, 10.0]}, "properties": {"soc_id": "Ai45", "name": "Meban", "subsistence": "Extensive agriculture", "religion": null}}, {"type": "Feature", "id": "Af5", "geometry": {"type": "Point", "coordinates": [-11.0, 8.0]}, "properties": {"soc_id": "Af5", "name": "Mende", "subsistence": "Extensive agriculture", "religion": "Otiose"}}, {"type": "Feature", "id": "Eh2", "geometry": {"type": "Point", "coordinates": [46.0, -19.0]}, "properties": {"soc_id": "Eh2", "name": "Merina", "subsistence": "Intensive agriculture", "religion": null}}, {"type": "Feature", "id": "Ad35", "geometry": {"type": "Point", "coordinates": [35.0, 0.0]}, "properties": {"soc_id": "Ad35", "name": "Meru", "subsistence": "Extensive agriculture", "religion": null}}, {"type": "Feature", "id": "Ai39", "geometry": {"type": "Point", "coordinates": [30.0, 11.0]}, "properties": {"soc_id": "Ai39", "name": "Mesakin", "subsistence": "Extensive agriculture", "religion": null}}, {"type": "Feature", "id": "Cb15", "geometry": {"type": "Point", "coordinates": [28.0, 11.0]}, "properties": {"soc_id": "Cb15", "name": "Messiria Humr", "subsistence": "Pastoralism", "religion": "Active, supporting morality"}}, {"type": "Feature", "id": "Cb11", "geometry": {"type": "Point", "coordinates": [27.0, 16.0]}, "properties": {"soc_id": "Cb11", "name": "Midobi", "subsistence": "Pastoralism", "religion": "Active, supporting morality"}}, {"type": "Feature", "id": "Ag31", "geometry": {"type": "Point", "coordinates": [-6.0, 12.0]}, "properties": {"soc_id": "Ag31", "name": "Minianka", "subsistence": "Extensive agriculture", "religion": null}}, {"type": "Feature", "id": "Ac16", "geometry": {"type": "Point", "coordinates": [12.0, -1.0]}, "properties": {"soc_id": "Ac16", "name": "Mitsogho", "subsistence": "Extensive agriculture", "religion": null}}, {"type": "Feature", "id": "Ag50", "geometry": {"type": "Point", "coordinates": [1.0, 11.0]}, "properties": {"soc_id": "Ag50", "name": "Moba", "subsistence": "Extensive agriculture", "religion": "Otiose"}}, {"type": "Feature", "id": "Aj16", "geometry": {"type": "Point", "coordinates": [31.0, 6.0]}, "properties": {"soc_id": "Aj16", "name": "Mondari", "subsistence": "Extensive agriculture", "religion": null}}, {"type": "Feature", "id": "Ae24", "geometry": {"type": "Point", "coordinates": [22.0, 1.0]}, "properties": {"soc_id": "Ae24", "name": "Mongo", "subsistence": "Agriculture, type unknown", "religion": null}}, {"type": "Feature", "id": "Ai40", "geometry": {"type": "Point", "coordinates": [30.0, 11.0]}, "properties": {"soc_id": "Ai40", "name": "Moro", "subsistence": "Intensive agriculture", "religion": null}}, {"type": "Feature", "id": "Cd16", "geometry": {"type": "Point", "coordinates": [-8.0, 33.0]}, "properties": {"soc_id": "Cd16", "name": "Moroccans", "subsistence": "Intensive agriculture", "religion": "Active, supporting morality"}}, {"type": "Feature", "id": "Ai34", "geometry": {"type": "Point", "coordinates": [30.0, 5.0]}, "properties": {"soc_id": "Ai34", "name": "Moru", "subsistence": "Extensive agriculture", "religion": null}}, {"type": "Feature", "id": "Ag47", "geometry": {"type": "Point", "coordinates": [-2.0, 12.0]}, "properties": {"soc_id": "Ag47", "name": "Mossi (Ouagadougou)", "subsistence": "Extensive agriculture", "religion": "Otiose"}}, {"type": "Feature", "id": "Ag2", "geometry": {"type": "Point", "coordinates": [-2.0, 13.0]}, "properties": {"soc_id": "Ag2", "name": "Mossi (Yatenga)", "subsistence": "Intensive agriculture", "religion": "Otiose"}}, {"type": "Feature", "id": "Ae46", "geometry": {"type": "Point", "coordinates": [10.0, -2.0]}, "properties": {"soc_id": "Ae46", "name": "Mpongwe", "subsistence": "Extensive agriculture", "religion": null}}, {"type": "Feature", "id": "Ah31", "geometry": {"type": "Point", "coordinates": [12.0, 9.0]}, "properties": {"soc_id": "Ah31", "name": "Mumuye", "subsistence": "Intensive agriculture", "religion": null}}, {"type": "Feature", "id": "Ai15", "geometry": {"type": "Point", "coordinates": [14.0, 10.0]}, "properties": {"soc_id": "Ai15", "name": "Mundang", "subsistence": "Extensive agriculture", "religion": "Otiose"}}, {"type": "Feature", "id": "Ai19", "geometry": {"type": "Point", "coordinates": [15.0, 11.0]}, "properties": {"soc_id": "Ai19", "name": "Musgu", "subsistence": "Intensive agriculture", "religion": null}}, {"type": "Feature", "id": "Cc4", "geometry": {"type": "Point", "coordinates": [4.0, 33.0]}, "properties": {"soc_id": "Cc4", "name": "Mzab", "subsistence": "Intensive agriculture", "religion": "Active, supporting morality"}}, {"type": "Feature", "id": "Cd17", "geometry": {"type": "Point", "coordinates": [5.0, 35.0]}, "properties": {"soc_id": "Cd17", "name": "Nail", "subsistence": "Pastoralism", "religion": "Active, supporting morality"}}, {"type": "Feature", "id": "Aa3", "geometry": {"type": "Point", "coordinates": [18.0, -26.0]}, "properties": {"soc_id": "Aa3", "name": "Nama", "subsistence": "Pastoralism", "religion": "Absent"}}, {"type": "Feature", "id": "Ai16", "geometry": {"type": "Point", "coordinates": [13.0, 9.0]}, "properties": {"soc_id": "Ai16", "name": "Namshi", "subsistence": "Extensive agriculture", "religion": "Absent"}}, {"type": "Feature", "id": "Aj7", "geometry": {"type": "Point", "coordinates": [35.0, 0.0]}, "properties": {"soc_id": "Aj7", "name": "Nandi", "subsistence": null, "religion": "Otiose"}}, {"type": "Feature", "id": "Ag12", "geometry": {"type": "Point", "coordinates": [-1.0, 10.0]}, "properties": {"soc_id": "Ag12", "name": "Nankanse", "subsistence": "Extensive agriculture", "religion": "Otiose"}}, {"type": "Feature", "id": "Ca32", "geometry": {"type": "Point", "coordinates": [38.0, 16.0]}, "properties": {"soc_id": "Ca32", "name": "Nara", "subsistence": "Extensive agriculture", "religion": null}}, {"type": "Feature", "id": "Aa7", "geometry": {"type": "Point", "coordinates": [24.0, -20.0]}, "properties": {"soc_id": "Aa7", "name": "Naron", "subsistence": "Gathering", "religion": "Otiose"}}, {"type": "Feature", "id": "Ae33", "geometry": {"type": "Point", "coordinates": [27.0, 1.0]}, "properties": {"soc_id": "Ae33", "name": "Ndaka Babali", "subsistence": "Extensive agriculture", "religion": null}}, {"type": "Feature", "id": "Ab17", "geometry": {"type": "Point", "coordinates": [34.0, -20.0]}, "properties": {"soc_id": "Ab17", "name": "Ndau", "subsistence": "Agriculture, type unknown", "religion": null}}, {"type": "Feature", "id": "Ab9", "geometry": {"type": "Point", "coordinates": [28.0, -20.0]}, "properties": {"soc_id": "Ab9", "name": "Ndebele", "subsistence": "Extensive agriculture", "religion": "Otiose"}}, {"type": "Feature", "id": "Ac6", "geometry": {"type": "Point", "coordinates": [26.0, -11.0]}, "properties": {"soc_id": "Ac6", "name": "Ndembu", "subsistence": "Extensive agriculture", "religion": null}}, {"type": "Feature", "id": "Ae55", "geometry": {"type": "Point", "coordinates": [10.0, 6.0]}, "properties": {"soc_id": "Ae55", "name": "Ndob", "subsistence": "Extensive agriculture", "religion": null}}, {"type": "Feature", "id": "Ae38", "geometry": {"type": "Point", "coordinates": [21.0, 2.0]}, "properties": {"soc_id": "Ae38", "name": "Ndoko", "subsistence": "Extensive agriculture", "religion": null}}, {"type": "Feature", "id": "Ah26", "geometry": {"type": "Point", "coordinates": [11.0, 7.0]}, "properties": {"soc_id": "Ah26", "name": "Ndoro", "subsistence": "Extensive agriculture", "religion": null}}, {"type": "Feature", "id": "Ae28", "geometry": {"type": "Point", "coordinates": [18.0, 1.0]}, "properties": {"soc_id": "Ae28", "name": "Ngala", "subsistence": null, "religion": "Otiose"}}, {"type": "Feature", "id": "Ai26", "geometry": {"type": "Point", "coordinates": [22.0, 4.0]}, "properties": {"soc_id": "Ai26", "name": "Ngbandi", "subsistence": "Extensive agriculture", "religion": "Otiose"}}, {"type": "Feature", "id": "Af56", "geometry": {"type": "Point", "coordinates": [-8.0, 7.0]}, "properties": {"soc_id": "Af56", "name": "Ngere", "subsistence": "Extensive agriculture", "religion": "Otiose"}}, {"type": "Feature", "id": "Cb29", "geometry": {"type": "Point", "coordinates": [10.0, 12.0]}, "properties": {"soc_id": "Cb29", "name": "Ngizim", "subsistence": "Agriculture, type unknown", "religion": null}}, {"type": "Feature", "id": "Ae39", "geometry": {"type": "Point", "coordinates": [20.0, 2.0]}, "properties": {"soc_id": "Ae39", "name": "Ngombe", "subsistence": "Extensive agriculture", "religion": "Absent"}}, {"type": "Feature", "id": "Ad16", "geometry": {"type": "Point", "coordinates": [34.0, -10.0]}, "properties": {"soc_id": "Ad16", "name": "Ngonde", "subsistence": "Intensive agriculture", "religion": "Absent"}}, {"type": "Feature", "id": "Ac9", "geometry": {"type": "Point", "coordinates": [33.0, -12.0]}, "properties": {"soc_id": "Ac9", "name": "Ngoni", "subsistence": "Extensive agriculture", "religion": "Absent"}}, {"type": "Feature", "id": "Ad51", "geometry": {"type": "Point", "coordinates": [38.0, -6.0]}, "properties": {"soc_id": "Ad51", "name": "Ngulu", "subsistence": "Extensive agriculture", "religion": "Otiose"}}, {"type": "Feature", "id": "Ae42", "geometry": {"type": "Point", "coordinates": [11.0, 3.0]}, "properties": {"soc_id": "Ae42", "name": "Ngumba", "subsistence": "Extensive agriculture", "religion": null}}, {"type": "Feature", "id": "Ab20", "geometry": {"type": "Point", "coordinates": [15.0, -15.0]}, "properties": {"soc_id": "Ab20", "name": "Ngumbi", "subsistence": "Agriculture, type unknown", "religion": null}}, {"type": "Feature", "id": "Ae4", "geometry": {"type": "Point", "coordinates": [20.0, 0.0]}, "properties": {"soc_id": "Ae4", "name": "Nkundo", "subsistence": "Extensive agriculture", "religion": "Otiose"}}, {"type": "Feature", "id": "Ag28", "geometry": {"type": "Point", "coordinates": [-4.0, 14.0]}, "properties": {"soc_id": "Ag28", "name": "Nononke", "subsistence": "Intensive agriculture", "religion": "Active, supporting morality"}}, {"type": "Feature", "id": "Ae56", "geometry": {"type": "Point", "coordinates": [11.0, 6.0]}, "properties": {"soc_id": "Ae56", "name": "Nsaw", "subsistence": "Extensive agriculture", "religion": "Active, but not supporting morality"}}, {"type": "Feature", "id": "Ae57", "geometry": {"type": "Point", "coordinates": [11.0, 6.0]}, "properties": {"soc_id": "Ae57", "name": "Nsungli", "subsistence": "Extensive agriculture", "religion": null}}, {"type": "Feature", "id": "Aj3", "geometry": {"type": "Point", "coordinates": [32.0, 8.0]}, "properties": {"soc_id": "Aj3", "name": "Nuer", "subsistence": "Pastoralism", "religion": "Active, supporting morality"}}, {"type": "Feature", "id": "Ag42", "geometry": {"type": "Point", "coordinates": [-3.0, 12.0]}, "properties": {"soc_id": "Ag42", "name": "Nunuma", "subsistence": "Intensive agriculture", "religion": null}}, {"type": "Feature", "id": "Af8", "geometry": {"type": "Point", "coordinates": [6.0, 9.0]}, "properties": {"soc_id": "Af8", "name": "Nupe", "subsistence": "Extensive agriculture", "religion": "Active, supporting morality"}}, {"type": "Feature", "id": "Ad6", "geometry": {"type": "Point", "coordinates": [34.0, -9.0]}, "properties": {"soc_id": "Ad6", "name": "Nyakyusa", "subsistence": "Intensive agriculture", "religion": "Otiose"}}, {"type": "Feature", "id": "Ad20", "geometry": {"type": "Point", "coordinates": [33.0, -5.0]}, "properties": {"soc_id": "Ad20", "name": "Nyamwezi", "subsistence": "Extensive agriculture", "religion": "Otiose"}}, {"type": "Feature", "id": "Ab7", "geometry": {"type": "Point", "coordinates": [14.0, -15.0]}, "properties": {"soc_id": "Ab7", "name": "Nyaneka", "subsistence": null, "religion": null}}, {"type": "Feature", "id": "Ac38", "geometry": {"type": "Point", "coordinates": [36.0, -16.0]}, "properties": {"soc_id": "Ac38", "name": "Nyanja", "subsistence": "Extensive agriculture", "religion": null}}, {"type": "Feature", "id": "Ad45", "geometry": {"type": "Point", "coordinates": [31.0, 0.0]}, "properties": {"soc_id": "Ad45", "name": "Nyankole", "subsistence": "Extensive agriculture", "religion": "Otiose"}}, {"type": "Feature", "id": "Ai2", "geometry": {"type": "Point", "coordinates": [31.0, 11.0]}, "properties": {"soc_id": "Ai2", "name": "Nyaro", "subsistence": "Agriculture, type unknown", "religion": null}}, {"type": "Feature", "id": "Ac39", "geometry": {"type": "Point", "coordinates": [35.0, -13.0]}, "properties": {"soc_id": "Ac39", "name": "Nyasa", "subsistence": "Agriculture, type unknown", "religion": null}}, {"type": "Feature", "id": "Ai43", "geometry": {"type": "Point", "coordinates": [29.0, 12.0]}, "properties": {"soc_id": "Ai43", "name": "Nyimang", "subsistence": "Intensive agriculture", "religion": null}}, {"type": "Feature", "id": "Ad2", "geometry": {"type": "Point", "coordinates": [32.0, 2.0]}, "properties": {"soc_id": "Ad2", "name": "Nyoro", "subsistence": "Intensive agriculture", "religion": "Otiose"}}, {"type": "Feature", "id": "Ai10", "geometry": {"type": "Point", "coordinates": [31.0, 12.0]}, "properties": {"soc_id": "Ai10", "name": "Otoro", "subsistence": "Intensive agriculture", "religion": null}}, {"type": "Feature", "id": "Af6", "geometry": {"type": "Point", "coordinates": [4.0, 8.0]}, "properties": {"soc_id": "Af6", "name": "Oyo Yoruba", "subsistence": "Extensive agriculture", "religion": "Otiose"}}, {"type": "Feature", "id": "Ag20", "geometry": {"type": "Point", "coordinates": [-16.0, 12.0]}, "properties": {"soc_id": "Ag20", "name": "Papel", "subsistence": "Extensive agriculture", "religion": null}}, {"type": "Feature", "id": "Ad36", "geometry": {"type": "Point", "coordinates": [38.0, -4.0]}, "properties": {"soc_id": "Ad36", "name": "Pare", "subsistence": "Intensive agriculture", "religion": null}}, {"type": "Feature", "id": "Aj31", "geometry": {"type": "Point", "coordinates": [33.0, 5.0]}, "properties": {"soc_id": "Aj31", "name": "Pari", "subsistence": "Agriculture, type unknown", "religion": null}}, {"type": "Feature", "id": "Ab15", "geometry": {"type": "Point", "coordinates": [30.0, -25.0]}, "properties": {"soc_id": "Ab15", "name": "Pedi", "subsistence": "Extensive agriculture", "religion": null}}, {"type": "Feature", "id": "Ac2", "geometry": {"type": "Point", "coordinates": [20.0, -6.0]}, "properties": {"soc_id": "Ac2", "name": "Pende", "subsistence": "Extensive agriculture", "religion": null}}, {"type": "Feature", "id": "Ad21", "geometry": {"type": "Point", "coordinates": [31.0, -7.0]}, "properties": {"soc_id": "Ad21", "name": "Pimbwe", "subsistence": "Extensive agriculture", "religion": "Otiose"}}, {"type": "Feature", "id": "Ae34", "geometry": {"type": "Point", "coordinates": [30.0, 1.0]}, "properties": {"soc_id": "Ae34", "name": "Plains Bira", "subsistence": "Extensive agriculture", "religion": null}}, {"type": "Feature", "id": "Aj23", "geometry": {"type": "Point", "coordinates": [36.0, 1.0]}, "properties": {"soc_id": "Aj23", "name": "Plains Suk", "subsistence": "Pastoralism", "religion": "Otiose"}}, {"type": "Feature", "id": "Ac30", "geometry": {"type": "Point", "coordinates": [28.0, -18.0]}, "properties": {"soc_id": "Ac30", "name": "Plateau Tonga", "subsistence": "Extensive agriculture", "religion": "Active, but not supporting morality"}}, {"type": "Feature", "id": "Ah39", "geometry": {"type": "Point", "coordinates": [14.0, 11.0]}, "properties": {"soc_id": "Ah39", "name": "Podokwo", "subsistence": "Intensive agriculture", "religion": "Otiose"}}, {"type": "Feature", "id": "Aj13", "geometry": {"type": "Point", "coordinates": [31.0, 4.0]}, "properties": {"soc_id": "Aj13", "name": "Pojulu", "subsistence": "Extensive agriculture", "religion": "Otiose"}}, {"type": "Feature", "id": "Ad33", "geometry": {"type": "Point", "coordinates": [40.0, -1.0]}, "properties": {"soc_id": "Ad33", "name": "Pokomo", "subsistence": "Intensive agriculture", "religion": null}}, {"type": "Feature", "id": "Ab10", "geometry": {"type": "Point", "coordinates": [30.0, -31.0]}, "properties": {"soc_id": "Ab10", "name": "Pondo Xhosa", "subsistence": null, "religion": "Absent"}}, {"type": "Feature", "id": "Ai28", "geometry": {"type": "Point", "coordinates": [26.0, 2.0]}, "properties": {"soc_id": "Ai28", "name": "Popoi", "subsistence": "Extensive agriculture", "religion": "Otiose"}}, {"type": "Feature", "id": "Ae29", "geometry": {"type": "Point", "coordinates": [22.0, 2.0]}, "properties": {"soc_id": "Ae29", "name": "Poto", "subsistence": "Fishing", "religion": null}}, {"type": "Feature", "id": "Ae47", "geometry": {"type": "Point", "coordinates": [10.0, 2.0]}, "properties": {"soc_id": "Ae47", "name": "Puku", "subsistence": "Extensive agriculture", "religion": null}}, {"type": "Feature", "id": "Ad25", "geometry": {"type": "Point", "coordinates": [36.0, -5.0]}, "properties": {"soc_id": "Ad25", "name": "Rangi", "subsistence": "Extensive agriculture", "religion": null}}, {"type": "Feature", "id": "Ae17", "geometry": {"type": "Point", "coordinates": [28.0, -3.0]}, "properties": {"soc_id": "Ae17", "name": "Rega", "subsistence": "Extensive agriculture", "religion": "Otiose"}}, {"type": "Feature", "id": "Cc1", "geometry": {"type": "Point", "coordinates": [-13.0, 22.0]}, "properties": {"soc_id": "Cc1", "name": "Regeibat", "subsistence": "Pastoralism", "religion": "Active, supporting morality"}}, {"type": "Feature", "id": "Ah15", "geometry": {"type": "Point", "coordinates": [5.0, 11.0]}, "properties": {"soc_id": "Ah15", "name": "Reshe", "subsistence": "Intensive agriculture", "religion": null}}, {"type": "Feature", "id": "Cd3", "geometry": {"type": "Point", "coordinates": [-4.0, 35.0]}, "properties": {"soc_id": "Cd3", "name": "Riffians", "subsistence": "Intensive agriculture", "religion": "Active, supporting morality"}}, {"type": "Feature", "id": "Ae35", "geometry": {"type": "Point", "coordinates": [28.0, 0.0]}, "properties": {"soc_id": "Ae35", "name": "Rumbi", "subsistence": "Extensive agriculture", "religion": null}}, {"type": "Feature", "id": "Ae8", "geometry": {"type": "Point", "coordinates": [30.0, -3.0]}, "properties": {"soc_id": "Ae8", "name": "Rundi", "subsistence": "Intensive agriculture", "religion": "Otiose"}}, {"type": "Feature", "id": "Cd18", "geometry": {"type": "Point", "coordinates": [28.0, 30.0]}, "properties": {"soc_id": "Cd18", "name": "Saadi", "subsistence": "Pastoralism", "religion": "Active, supporting morality"}}, {"type": "Feature", "id": "Ad17", "geometry": {"type": "Point", "coordinates": [33.0, -8.0]}, "properties": {"soc_id": "Ad17", "name": "Safwa", "subsistence": "Extensive agriculture", "religion": "Otiose"}}, {"type": "Feature", "id": "Eh8", "geometry": {"type": "Point", "coordinates": [43.93, -21.0]}, "properties": {"soc_id": "Eh8", "name": "Sakalava", "subsistence": "Pastoralism", "religion": "Otiose"}}, {"type": "Feature", "id": "Ac24", "geometry": {"type": "Point", "coordinates": [18.0, -3.0]}, "properties": {"soc_id": "Ac24", "name": "Sakata", "subsistence": "Extensive agriculture", "religion": null}}, {"type": "Feature", "id": "Aj29", "geometry": {"type": "Point", "coordinates": [37.0, 1.0]}, "properties": {"soc_id": "Aj29", "name": "Samburu", "subsistence": "Pastoralism", "religion": null}}, {"type": "Feature", "id": "Ag29", "geometry": {"type": "Point", "coordinates": [-3.0, 13.0]}, "properties": {"soc_id": "Ag29", "name": "Samo", "subsistence": "Intensive agriculture", "religion": null}}, {"type": "Feature", "id": "Aa6", "geometry": {"type": "Point", "coordinates": [36.0, -5.0]}, "properties": {"soc_id": "Aa6", "name": "Sandawe", "subsistence": "Extensive agriculture", "religion": "Otiose"}}, {"type": "Feature", "id": "Ae43", "geometry": {"type": "Point", "coordinates": [16.0, 2.0]}, "properties": {"soc_id": "Ae43", "name": "Sanga", "subsistence": "Extensive agriculture", "religion": null}}, {"type": "Feature", "id": "Ad23", "geometry": {"type": "Point", "coordinates": [34.0, -8.0]}, "properties": {"soc_id": "Ad23", "name": "Sangu", "subsistence": "Pastoralism", "religion": null}}, {"type": "Feature", "id": "Cd20", "geometry": {"type": "Point", "coordinates": [22.0, 31.0]}, "properties": {"soc_id": "Cd20", "name": "Sanusi", "subsistence": "Pastoralism", "religion": "Active, supporting morality"}}, {"type": "Feature", "id": "Aj27", "geometry": {"type": "Point", "coordinates": [35.0, 1.0]}, "properties": {"soc_id": "Aj27", "name": "Sapei", "subsistence": null, "religion": null}}, {"type": "Feature", "id": "Af49", "geometry": {"type": "Point", "coordinates": [-9.0, 6.0]}, "properties": {"soc_id": "Af49", "name": "Sapo", "subsistence": "Extensive agriculture", "religion": null}}, {"type": "Feature", "id": "Ai22", "geometry": {"type": "Point", "coordinates": [18.0, 9.0]}, "properties": {"soc_id": "Ai22", "name": "Sara", "subsistence": "Extensive agriculture", "religion": null}}, {"type": "Feature", "id": "Ac40", "geometry": {"type": "Point", "coordinates": [35.0, -18.0]}, "properties": {"soc_id": "Ac40", "name": "Sena", "subsistence": "Extensive agriculture", "religion": null}}, {"type": "Feature", "id": "Ag32", "geometry": {"type": "Point", "coordinates": [-6.0, 10.0]}, "properties": {"soc_id": "Ag32", "name": "Senufo", "subsistence": "Intensive agriculture", "religion": null}}, {"type": "Feature", "id": "Ag22", "geometry": {"type": "Point", "coordinates": [-12.0, 14.0]}, "properties": {"soc_id": "Ag22", "name": "Serer", "subsistence": "Extensive agriculture", "religion": null}}, {"type": "Feature", "id": "Ca42", "geometry": {"type": "Point", "coordinates": [36.0, 7.0]}, "properties": {"soc_id": "Ca42", "name": "Shako", "subsistence": "Intensive agriculture", "religion": "Otiose"}}, {"type": "Feature", "id": "Ad10", "geometry": {"type": "Point", "coordinates": [38.0, -5.0]}, "properties": {"soc_id": "Ad10", "name": "Shambaa", "subsistence": "Intensive agriculture", "religion": null}}, {"type": "Feature", "id": "Ca25", "geometry": {"type": "Point", "coordinates": [37.0, 6.0]}, "properties": {"soc_id": "Ca25", "name": "Shangama", "subsistence": "Intensive agriculture", "religion": "Absent"}}, {"type": "Feature", "id": "Cd8", "geometry": {"type": "Point", "coordinates": [7.0, 36.0]}, "properties": {"soc_id": "Cd8", "name": "Shawiya", "subsistence": "Intensive agriculture", "religion": "Active, supporting morality"}}, {"type": "Feature", "id": "Af14", "geometry": {"type": "Point", "coordinates": [-12.69, 7.52]}, "properties": {"soc_id": "Af14", "name": "Sherbro", "subsistence": "Extensive agriculture", "religion": "Otiose"}}, {"type": "Feature", "id": "Ac35", "geometry": {"type": "Point", "coordinates": [28.0, -10.0]}, "properties": {"soc_id": "Ac35", "name": "Shila", "subsistence": "Agriculture, type unknown", "religion": null}}, {"type": "Feature", "id": "Ai6", "geometry": {"type": "Point", "coordinates": [32.0, 10.0]}, "properties": {"soc_id": "Ai6", "name": "Shilluk", "subsistence": "Extensive agriculture", "religion": "Otiose"}}, {"type": "Feature", "id": "Cd5", "geometry": {"type": "Point", "coordinates": [-9.0, 30.0]}, "properties": {"soc_id": "Cd5", "name": "Shluh", "subsistence": "Intensive agriculture", "religion": "Active, supporting morality"}}, {"type": "Feature", "id": "Ab18", "geometry": {"type": "Point", "coordinates": [31.0, -19.0]}, "properties": {"soc_id": "Ab18", "name": "Shona", "subsistence": "Extensive agriculture", "religion": "Active, supporting morality"}}, {"type": "Feature", "id": "Cb16", "geometry": {"type": "Point", "coordinates": [15.0, 13.0]}, "properties": {"soc_id": "Cb16", "name": "Shuwa", "subsistence": "Pastoralism", "religion": "Active, supporting morality"}}, {"type": "Feature", "id": "Ca16", "geometry": {"type": "Point", "coordinates": [38.0, 7.0]}, "properties": {"soc_id": "Ca16", "name": "Sidama", "subsistence": "Intensive agriculture", "religion": "Otiose"}}, {"type": "Feature", "id": "Cc3", "geometry": {"type": "Point", "coordinates": [26.0, 29.0]}, "properties": {"soc_id": "Cc3", "name": "Siwans", "subsistence": "Intensive agriculture", "religion": "Active, supporting morality"}}, {"type": "Feature", "id": "Ad46", "geometry": {"type": "Point", "coordinates": [33.0, 1.0]}, "properties": {"soc_id": "Ad46", "name": "Soga", "subsistence": "Intensive agriculture", "religion": null}}, {"type": "Feature", "id": "Ca2", "geometry": {"type": "Point", "coordinates": [48.0, 8.0]}, "properties": {"soc_id": "Ca2", "name": "Somali (Dolbahanta)", "subsistence": "Pastoralism", "religion": "Active, supporting morality"}}, {"type": "Feature", "id": "Ca10", "geometry": {"type": "Point", "coordinates": [43.0, 10.0]}, "properties": {"soc_id": "Ca10", "name": "Somali (Esa)", "subsistence": "Pastoralism", "religion": "Active, supporting morality"}}, {"type": "Feature", "id": "Ag51", "geometry": {"type": "Point", "coordinates": [1.0, 11.0]}, "properties": {"soc_id": "Ag51", "name": "Somba", "subsistence": "Extensive agriculture", "religion": null}}, {"type": "Feature", "id": "Cb3", "geometry": {"type": "Point", "coordinates": [-1.0, 17.0]}, "properties": {"soc_id": "Cb3", "name": "Songhai", "subsistence": "Intensive agriculture", "religion": "Active, supporting morality"}}, {"type": "Feature", "id": "Ac25", "geometry": {"type": "Point", "coordinates": [18.0, -5.0]}, "properties": {"soc_id": "Ac25", "name": "Songo", "subsistence": "Extensive agriculture", "religion": null}}, {"type": "Feature", "id": "Ae11", "geometry": {"type": "Point", "coordinates": [26.0, -4.0]}, "properties": {"soc_id": "Ae11", "name": "Songola", "subsistence": "Fishing", "religion": "Otiose"}}, {"type": "Feature", "id": "Ae18", "geometry": {"type": "Point", "coordinates": [25.0, -6.0]}, "properties": {"soc_id": "Ae18", "name": "Songye", "subsistence": "Extensive agriculture", "religion": "Otiose"}}, {"type": "Feature", "id": "Ag25", "geometry": {"type": "Point", "coordinates": [10.0, 15.0]}, "properties": {"soc_id": "Ag25", "name": "Soninke", "subsistence": "Extensive agriculture", "religion": "Active, supporting morality"}}, {"type": "Feature", "id": "Ad39", "geometry": {"type": "Point", "coordinates": [36.0, -3.0]}, "properties": {"soc_id": "Ad39", "name": "Sonjo", "subsistence": "Intensive agriculture", "religion": null}}, {"type": "Feature", "id": "Ab8", "geometry": {"type": "Point", "coordinates": [28.0, -29.0]}, "properties": {"soc_id": "Ab8", "name": "Sotho", "subsistence": "Intensive agriculture", "religion": "Absent"}}, {"type": "Feature", "id": "Ac17", "geometry": {"type": "Point", "coordinates": [18.0, -6.0]}, "properties": {"soc_id": "Ac17", "name": "Suku", "subsistence": "Extensive agriculture", "religion": "Otiose"}}, {"type": "Feature", "id": "Ad22", "geometry": {"type": "Point", "coordinates": [34.0, -3.0]}, "properties": {"soc_id": "Ad22", "name": "Sukuma", "subsistence": "Intensive agriculture", "religion": "Otiose"}}, {"type": "Feature", "id": "Ad47", "geometry": {"type": "Point", "coordinates": [32.0, -4.0]}, "properties": {"soc_id": "Ad47", "name": "Sumbwa", "subsistence": "Intensive agriculture", "religion": "Otiose"}}, {"type": "Feature", "id": "Ac18", "geometry": {"type": "Point", "coordinates": [14.0, -5.0]}, "properties": {"soc_id": "Ac18", "name": "Sundi", "subsistence": "Extensive agriculture", "religion": null}}, {"type": "Feature", "id": "Aj20", "geometry": {"type": "Point", "coordinates": [35.0, 6.0]}, "properties": {"soc_id": "Aj20", "name": "Suri", "subsistence": "Extensive agriculture", "religion": "Otiose"}}, {"type": "Feature", "id": "Ag26", "geometry": {"type": "Point", "coordinates": [-13.0, 15.0]}, "properties": {"soc_id": "Ag26", "name": "Susu", "subsistence": "Extensive agriculture", "religion": null}}, {"type": "Feature", "id": "Ab2", "geometry": {"type": "Point", "coordinates": [32.0, -27.0]}, "properties": {"soc_id": "Ab2", "name": "Swazi", "subsistence": "Extensive agriculture", "religion": "Absent"}}, {"type": "Feature", "id": "Ag4", "geometry": {"type": "Point", "coordinates": [-1.0, 11.0]}, "properties": {"soc_id": "Ag4", "name": "Tallensi", "subsistence": "Intensive agriculture", "religion": "Absent"}}, {"type": "Feature", "id": "Eh3", "geometry": {"type": "Point", "coordinates": [47.0, -22.0]}, "properties": {"soc_id": "Eh3", "name": "Tanala", "subsistence": "Intensive agriculture", "religion": "Otiose"}}, {"type": "Feature", "id": "Aj28", "geometry": {"type": "Point", "coordinates": [35.0, -5.0]}, "properties": {"soc_id": "Aj28", "name": "Tatoga", "subsistence": "Pastoralism", "religion": null}}, {"type": "Feature", "id": "Cb25", "geometry": {"type": "Point", "coordinates": [8.0, 14.0]}, "properties": {"soc_id": "Cb25", "name": "Tazarawa Hausa", "subsistence": "Extensive agriculture", "religion": "Active, supporting morality"}}, {"type": "Feature", "id": "Cc2", "geometry": {"type": "Point", "coordinates": [17.0, 21.0]}, "properties": {"soc_id": "Cc2", "name": "Teda", "subsistence": "Intensive agriculture", "religion": "Active, supporting morality"}}, {"type": "Feature", "id": "Ad37", "geometry": {"type": "Point", "coordinates": [39.0, -4.0]}, "properties": {"soc_id": "Ad37", "name": "Teita", "subsistence": "Intensive agriculture", "religion": null}}, {"type": "Feature", "id": "Ac19", "geometry": {"type": "Point", "coordinates": [15.0, -3.0]}, "properties": {"soc_id": "Ac19", "name": "Teke", "subsistence": "Extensive agriculture", "religion": null}}, {"type": "Feature", "id": "Cd9", "geometry": {"type": "Point", "coordinates": [-11.0, 28.0]}, "properties": {"soc_id": "Cd9", "name": "Tekna", "subsistence": "Intensive agriculture", "religion": "Active, supporting morality"}}, {"type": "Feature", "id": "Ag52", "geometry": {"type": "Point", "coordinates": [1.0, 11.0]}, "properties": {"soc_id": "Ag52", "name": "Tem", "subsistence": "Intensive agriculture", "religion": "Otiose"}}, {"type": "Feature", "id": "Af57", "geometry": {"type": "Point", "coordinates": [-12.64, 8.46]}, "properties": {"soc_id": "Af57", "name": "Temne", "subsistence": "Extensive agriculture", "religion": "Otiose"}}, {"type": "Feature", "id": "Cb6", "geometry": {"type": "Point", "coordinates": [12.0, 11.0]}, "properties": {"soc_id": "Cb6", "name": "Tera", "subsistence": "Extensive agriculture", "religion": null}}, {"type": "Feature", "id": "Aj1", "geometry": {"type": "Point", "coordinates": [34.0, 2.0]}, "properties": {"soc_id": "Aj1", "name": "Teso", "subsistence": "Extensive agriculture", "religion": "Otiose"}}, {"type": "Feature", "id": "Ae25", "geometry": {"type": "Point", "coordinates": [25.0, -4.0]}, "properties": {"soc_id": "Ae25", "name": "Tetela", "subsistence": "Agriculture, type unknown", "religion": null}}, {"type": "Feature", "id": "Ah25", "geometry": {"type": "Point", "coordinates": [11.0, 17.0]}, "properties": {"soc_id": "Ah25", "name": "Tigon", "subsistence": "Extensive agriculture", "religion": null}}, {"type": "Feature", "id": "Ca38", "geometry": {"type": "Point", "coordinates": [39.0, 17.0]}, "properties": {"soc_id": "Ca38", "name": "Tigre", "subsistence": "Pastoralism", "religion": "Active, supporting morality"}}, {"type": "Feature", "id": "Ca3", "geometry": {"type": "Point", "coordinates": [39.0, 14.0]}, "properties": {"soc_id": "Ca3", "name": "Tigrinya", "subsistence": "Intensive agriculture", "religion": "Active, supporting morality"}}, {"type": "Feature", "id": "Ae58", "geometry": {"type": "Point", "coordinates": [12.0, 6.0]}, "properties": {"soc_id": "Ae58", "name": "Tikar", "subsistence": "Extensive agriculture", "religion": null}}, {"type": "Feature", "id": "Ai41", "geometry": {"type": "Point", "coordinates": [30.0, 11.0]}, "properties": {"soc_id": "Ai41", "name": "Tira", "subsistence": "Intensive agriculture", "religion": null}}, {"type": "Feature", "id": "Ad40", "geometry": {"type": "Point", "coordinates": [35.0, 0.0]}, "properties": {"soc_id": "Ad40", "name": "Tiriki", "subsistence": "Intensive agriculture", "religion": null}}, {"type": "Feature", "id": "Ah3", "geometry": {"type": "Point", "coordinates": [9.0, 7.0]}, "properties": {"soc_id": "Ah3", "name": "Tiv", "subsistence": "Extensive agriculture", "religion": "Absent"}}, {"type": "Feature", "id": "Af11", "geometry": {"type": "Point", "coordinates": [-9.0, 11.0]}, "properties": {"soc_id": "Af11", "name": "Toma", "subsistence": "Extensive agriculture", "religion": "Otiose"}}, {"type": "Feature", "id": "Ac13", "geometry": {"type": "Point", "coordinates": [34.0, -12.0]}, "properties": {"soc_id": "Ac13", "name": "Tonga", "subsistence": null, "religion": "Otiose"}}, {"type": "Feature", "id": "Ae26", "geometry": {"type": "Point", "coordinates": [24.0, 0.0]}, "properties": {"soc_id": "Ae26", "name": "Topoke", "subsistence": "Extensive agriculture", "religion": null}}, {"type": "Feature", "id": "Aj24", "geometry": {"type": "Point", "coordinates": [34.0, 5.0]}, "properties": {"soc_id": "Aj24", "name": "Toposa", "subsistence": "Pastoralism", "religion": "Otiose"}}, {"type": "Feature", "id": "Ad48", "geometry": {"type": "Point", "coordinates": [31.0, 1.0]}, "properties": {"soc_id": "Ad48", "name": "Toro", "subsistence": "Extensive agriculture", "religion": "Otiose"}}, {"type": "Feature", "id": "Cc19", "geometry": {"type": "Point", "coordinates": [-15.0, 18.0]}, "properties": {"soc_id": "Cc19", "name": "Trarza", "subsistence": "Pastoralism", "religion": "Active, supporting morality"}}, {"type": "Feature", "id": "Ca17", "geometry": {"type": "Point", "coordinates": [37.0, 5.0]}, "properties": {"soc_id": "Ca17", "name": "Tsamai", "subsistence": "Intensive agriculture", "religion": null}}, {"type": "Feature", "id": "Ab4", "geometry": {"type": "Point", "coordinates": [32.0, -24.0]}, "properties": {"soc_id": "Ab4", "name": "Tsonga", "subsistence": "Extensive agriculture", "religion": null}}, {"type": "Feature", "id": "Ab13", "geometry": {"type": "Point", "coordinates": [27.0, -24.0]}, "properties": {"soc_id": "Ab13", "name": "Tswana", "subsistence": "Extensive agriculture", "religion": "Active, supporting morality"}}, {"type": "Feature", "id": "Cc9", "geometry": {"type": "Point", "coordinates": [6.0, 23.0]}, "properties": {"soc_id": "Cc9", "name": "Tuareg Ahaggar", "subsistence": "Pastoralism", "religion": "Active, supporting morality"}}, {"type": "Feature", "id": "Cb23", "geometry": {"type": "Point", "coordinates": [-14.32, 14.73]}, "properties": {"soc_id": "Cb23", "name": "Tukulor", "subsistence": "Extensive agriculture", "religion": "Active, supporting morality"}}, {"type": "Feature", "id": "Ai42", "geometry": {"type": "Point", "coordinates": [29.0, 12.0]}, "properties": {"soc_id": "Ai42", "name": "Tullishi", "subsistence": "Extensive agriculture", "religion": null}}, {"type": "Feature", "id": "Ac36", "geometry": {"type": "Point", "coordinates": [34.0, -12.0]}, "properties": {"soc_id": "Ac36", "name": "Tumbuka", "subsistence": "Extensive agriculture", "religion": "Active, but not supporting morality"}}, {"type": "Feature", "id": "Cd21", "geometry": {"type": "Point", "coordinates": [10.0, 37.0]}, "properties": {"soc_id": "Cd21", "name": "Tunisians", "subsistence": "Intensive agriculture", "religion": "Active, supporting morality"}}, {"type": "Feature", "id": "Ai20", "geometry": {"type": "Point", "coordinates": [15.0, 10.0]}, "properties": {"soc_id": "Ai20", "name": "Tupuri", "subsistence": "Extensive agriculture", "religion": "Active, but not supporting morality"}}, {"type": "Feature", "id": "Af53", "geometry": {"type": "Point", "coordinates": [-7.0, 8.0]}, "properties": {"soc_id": "Af53", "name": "Tura", "subsistence": "Extensive agriculture", "religion": "Otiose"}}, {"type": "Feature", "id": "Aj5", "geometry": {"type": "Point", "coordinates": [35.0, 4.0]}, "properties": {"soc_id": "Aj5", "name": "Turkana", "subsistence": "Extensive agriculture", "religion": "Active, but not supporting morality"}}, {"type": "Feature", "id": "Ad26", "geometry": {"type": "Point", "coordinates": [34.0, -5.0]}, "properties": {"soc_id": "Ad26", "name": "Turu", "subsistence": null, "religion": null}}, {"type": "Feature", "id": "Ca26", "geometry": {"type": "Point", "coordinates": [37.0, 6.0]}, "properties": {"soc_id": "Ca26", "name": "Ubamer", "subsistence": "Intensive agriculture", "religion": "Absent"}}, {"type": "Feature", "id": "Cc13", "geometry": {"type": "Point", "coordinates": [0.0, 16.0]}, "properties": {"soc_id": "Cc13", "name": "Udalan Tuareg", "subsistence": "Intensive agriculture", "religion": "Active, supporting morality"}}, {"type": "Feature", "id": "Ag43", "geometry": {"type": "Point", "coordinates": [-2.0, 8.0]}, "properties": {"soc_id": "Ag43", "name": "Vagala", "subsistence": "Extensive agriculture", "religion": null}}, {"type": "Feature", "id": "Af58", "geometry": {"type": "Point", "coordinates": [-11.2, 6.89]}, "properties": {"soc_id": "Af58", "name": "Vai", "subsistence": "Extensive agriculture", "religion": null}}, {"type": "Feature", "id": "Ab6", "geometry": {"type": "Point", "coordinates": [30.0, -23.0]}, "properties": {"soc_id": "Ab6", "name": "Venda", "subsistence": "Intensive agriculture", "religion": "Active, but not supporting morality"}}, {"type": "Feature", "id": "Ah32", "geometry": {"type": "Point", "coordinates": [13.0, 9.0]}, "properties": {"soc_id": "Ah32", "name": "Vere", "subsistence": "Intensive agriculture", "religion": null}}, {"type": "Feature", "id": "Ad41", "geometry": {"type": "Point", "coordinates": [35.0, 1.0]}, "properties": {"soc_id": "Ad41", "name": "Vugusu", "subsistence": "Extensive agriculture", "religion": null}}, {"type": "Feature", "id": "Ae59", "geometry": {"type": "Point", "coordinates": [10.0, 6.0]}, "properties": {"soc_id": "Ae59", "name": "Widikum", "subsistence": "Agriculture, type unknown", "religion": null}}, {"type": "Feature", "id": "Cb24", "geometry": {"type": "Point", "coordinates": [12.0, 12.0]}, "properties": {"soc_id": "Cb24", "name": "Wodaabe Fulani", "subsistence": "Pastoralism", "religion": "Active, supporting morality"}}, {"type": "Feature", "id": "Cb2", "geometry": {"type": "Point", "coordinates": [-17.0, 15.0]}, "properties": {"soc_id": "Cb2", "name": "Wolof", "subsistence": "Extensive agriculture", "religion": "Active, supporting morality"}}, {"type": "Feature", "id": "Ab11", "geometry": {"type": "Point", "coordinates": [27.91, -32.89]}, "properties": {"soc_id": "Ab11", "name": "Xhosa Ngqika", "subsistence": "Extensive agriculture", "religion": null}}, {"type": "Feature", "id": "Ac20", "geometry": {"type": "Point", "coordinates": [17.0, -7.0]}, "properties": {"soc_id": "Ac20", "name": "Yaka", "subsistence": "Extensive agriculture", "religion": null}}, {"type": "Feature", "id": "Af4", "geometry": {"type": "Point", "coordinates": [8.0, 6.0]}, "properties": {"soc_id": "Af4", "name": "Yako", "subsistence": "Extensive agriculture", "religion": "Absent"}}, {"type": "Feature", "id": "Ag54", "geometry": {"type": "Point", "coordinates": [-12.0, 10.0]}, "properties": {"soc_id": "Ag54", "name": "Yalunka", "subsistence": "Extensive agriculture", "religion": "Active, supporting morality"}}, {"type": "Feature", "id": "Ac26", "geometry": {"type": "Point", "coordinates": [18.0, -4.0]}, "properties": {"soc_id": "Ac26", "name": "Yanzi", "subsistence": "Extensive agriculture", "religion": null}}, {"type": "Feature", "id": "Ac7", "geometry": {"type": "Point", "coordinates": [36.0, -13.0]}, "properties": {"soc_id": "Ac7", "name": "Yao", "subsistence": "Extensive agriculture", "religion": "Absent"}}, {"type": "Feature", "id": "Ca29", "geometry": {"type": "Point", "coordinates": [38.0, 8.0]}, "properties": {"soc_id": "Ca29", "name": "Yem", "subsistence": "Intensive agriculture", "religion": "Active, but not supporting morality"}}, {"type": "Feature", "id": "Ah22", "geometry": {"type": "Point", "coordinates": [10.0, 9.0]}, "properties": {"soc_id": "Ah22", "name": "Yergum", "subsistence": "Agriculture, type unknown", "religion": null}}, {"type": "Feature", "id": "Ac8", "geometry": {"type": "Point", "coordinates": [13.0, -5.0]}, "properties": {"soc_id": "Ac8", "name": "Yombe", "subsistence": "Extensive agriculture", "religion": null}}, {"type": "Feature", "id": "Ah33", "geometry": {"type": "Point", "coordinates": [12.0, 10.0]}, "properties": {"soc_id": "Ah33", "name": "Yungur", "subsistence": "Intensive agriculture", "religion": null}}, {"type": "Feature", "id": "Cb26", "geometry": {"type": "Point", "coordinates": [8.0, 11.0]}, "properties": {"soc_id": "Cb26", "name": "Zazzagawa Hausa", "subsistence": "Intensive agriculture", "religion": "Active, supporting morality"}}, {"type": "Feature", "id": "Cd10", "geometry": {"type": "Point", "coordinates": [-2.0, 34.0]}, "properties": {"soc_id": "Cd10", "name": "Zekara", "subsistence": null, "religion": "Active, supporting morality"}}, {"type": "Feature", "id": "Cc20", "geometry": {"type": "Point", "coordinates": [-8.0, 18.0]}, "properties": {"soc_id": "Cc20", "name": "Zenaga", "subsistence": "Pastoralism", "religion": "Active, supporting morality"}}, {"type": "Feature", "id": "Cb20", "geometry": {"type": "Point", "coordinates": [3.0, 13.0]}, "properties": {"soc_id": "Cb20", "name": "Zerma", "subsistence": "Intensive agriculture", "religion": "Active, supporting morality"}}, {"type": "Feature", "id": "Ad28", "geometry": {"type": "Point", "coordinates": [38.79, -5.84]}, "properties": {"soc_id": "Ad28", "name": "Zigula", "subsistence": "Extensive agriculture", "religion": "Otiose"}}, {"type": "Feature", "id": "Ad49", "geometry": {"type": "Point", "coordinates": [31.0, -3.0]}, "properties": {"soc_id": "Ad49", "name": "Zinza", "subsistence": "Extensive agriculture", "religion": "Otiose"}}, {"type": "Feature", "id": "Ah27", "geometry": {"type": "Point", "coordinates": [11.0, 7.0]}, "properties": {"soc_id": "Ah27", "name": "Zuande", "subsistence": "Extensive agriculture", "religion": null}}, {"type": "Feature", "id": "Ab12", "geometry": {"type": "Point", "coordinates": [31.0, -29.0]}, "properties": {"soc_id": "Ab12", "name": "Zulu", "subsistence": "Extensive agriculture", "religion": null}}]}