{"type": "FeatureCollection", "name": "lovejoy_regions", "note": "Pre-Colonial African Subregions (Lovejoy et al.). Geometry from a WHG working copy (whg_staging.lovejoy.regions); names + blurbs from the published WHG dataset 1155 LPF. Built by scripts/edop/workbench/build_lovejoy_geojson.py.", "features": [{"type": "Feature", "id": "hc_01", "properties": {"src_id": "hc_01", "name": "Northwest", "macro": "North Africa", "blurb": "The Northwest sub-region overlaps with the Maghreb and extends along the northern coast of Africa to the west of Tripoli.22 As the most important destination and transit zone of enslaved Africans via trans-Saharan traf\ufb01c, it included the High Atlas mountains in modern-day Morocco to the Tell Atlas range, which extend into western Tunisia."}, "geometry": {"type": "MultiPolygon", "coordinates": [[[[-10.228196144, 29.317914963], [-9.82194519, 29.833332062], [-9.663473129, 30.097915649], [-9.608195305, 30.373748779], [-9.793611526, 30.612499237], [-9.812986374, 30.818609238], [-9.735279083, 31.560554504], [-9.454444885, 31.943332672], [-9.277778625, 32.183609009], [-9.270833969, 32.510276794], [-8.948889732, 32.827285767], [-8.615070343, 33.145343781], [-7.636604786, 33.612941742], [-6.843055725, 34.018608093], [-6.582500458, 34.391105652], [-6.33416748, 34.80027771], [-5.996666908, 35.579437256], [-5.918744087, 35.790649414], [-5.744444847, 35.805549622], [-5.595833778, 35.821937561], [-5.307649612, 35.885791779], [-5.21069479, 35.550552368], [-4.916806221, 35.318470001], [-4.601944923, 35.192214966], [-4.215556145, 35.189720154], [-3.820694685, 35.199718475], [-3.41055584, 35.194999695], [-3.16833353, 35.246940613], [-2.960833549, 35.361938477], [-2.783798695, 35.122379303], [-2.258055687, 35.096939087], [-1.896666765, 35.087493896], [-1.556111217, 35.26166153], [-1.297777891, 35.359992981], [-1.126111269, 35.606666565], [-0.791666746, 35.76499939], [-0.618055582, 35.718330383], [-0.511388958, 35.79013443], [-0.296666682, 35.834159851], [-0.114293829, 35.783699036], [0.017638888, 35.847770691], [0.117638901, 36.011665344], [0.204166651, 36.10333252], [0.537777662, 36.269439697], [0.866944432, 36.376663208], [0.947499931, 36.448883057], [1.40638876, 36.529716492], [1.905972123, 36.570274353], [2.434444427, 36.590270996], [2.626111031, 36.60333252], [3.089165926, 36.75], [3.383471966, 36.771244049], [3.692708015, 36.849094391], [4.245277405, 36.903327942], [4.923333168, 36.846939087], [5.161943913, 36.672355652], [5.462638378, 36.66374588], [6, 36.837776184], [6.263888359, 36.948745728], [6.54194355, 37.044998169], [6.920415878, 36.884300232], [7.225138664, 36.957633972], [7.220416546, 37.041942596], [7.463610649, 37.042495728], [7.816388607, 36.860271454], [7.954721928, 36.846660614], [8.051387787, 36.874717712], [8.54583168, 36.921386719], [8.826943398, 36.979579926], [9.080926895, 37.162322998], [9.560276031, 37.301383972], [9.858604431, 37.228866577], [10.194304466, 37.211524963], [10.172359467, 37.039577484], [10.332672119, 36.889328003], [10.336943626, 36.735137939], [10.458610535, 36.738609314], [10.713193893, 36.886802673], [10.868331909, 36.996383667], [11.067777634, 37.051383972], [10.980833054, 36.760276794], [10.796387672, 36.465343475], [10.480276108, 36.287498474], [10.471666336, 36.056663513], [10.624998093, 35.840827942], [10.81485939, 35.724441528], [11.013713837, 35.562721252], [11.050832748, 35.30513382], [11.0148592, 35.062149048], [10.823055267, 34.793609619], [10.575310707, 34.545795441], [10.430345535, 34.496246338], [10.336111069, 34.407493591], [10.0213871, 34.191108704], [10.096387863, 33.91444397], [10.331944466, 33.700271606], [10.478331566, 33.63867569], [10.659095764, 33.701660156], [10.715970993, 33.704162598], [10.714443207, 33.760276794], [10.727360725, 33.883190155], [10.796388626, 33.896110535], [10.968332291, 33.857498169], [11.0526371, 33.807632446], [10.993610382, 33.75], [10.88277626, 33.673049927], [10.856388092, 33.696662903], [10.751666069, 33.473743439], [10.909790993, 33.536243439], [10.901943207, 33.613674164], [10.979652405, 33.636730194], [11.055832863, 33.612636566], [11.114443779, 33.522216797], [11.101110458, 33.429718018], [11.121109962, 33.285831451], [11.342777252, 33.182777405], [11.431595802, 33.189163208], [11.526081085, 33.171134949], [11.638054848, 33.101661682], [11.792498589, 33.083118439], [11.908054352, 33.05027771], [11.992221832, 33.003883362], [11.313537721, 32.668378181], [10.887481206, 32.533780234], [10.381539094, 32.936966316], [10.008739643, 33.115573497], [9.502797531, 33.3828044], [9.422911934, 33.493909143], [8.118113856, 33.115573497], [7.745314406, 33.73783805], [7.266000826, 33.981075343], [6.680173117, 34.245633505], [6.200859538, 34.399576457], [5.881317151, 34.465465506], [5.322117975, 34.487416976], [4.89606146, 34.3776019], [4.41674788, 34.245633505], [4.203719623, 34.11345786], [3.697777511, 33.870598829], [3.058692738, 33.981075343], [2.819035948, 33.826368124], [2.446236497, 33.538311185], [2.3663509, 33.405036729], [2.286465304, 33.360566386], [1.99355145, 33.293818246], [1.807151724, 33.070955641], [1.194695484, 33.070955641], [1.008295758, 32.757997705], [0.875153097, 32.735601266], [0.555610711, 32.668378181], [-0.05684553, 32.286493005], [-0.323130852, 32.218933559], [-0.482902045, 32.083664005], [-0.908958561, 32.106222867], [-1.255129479, 31.880383876], [-1.494786269, 31.721966215], [-1.681185994, 31.472476499], [-1.86758572, 31.153980154], [-2.027356913, 31.017152611], [-2.852841411, 31.085591007], [-3.252269394, 30.948665027], [-4.024496828, 30.72001864], [-4.477181876, 30.536710104], [-4.849981327, 30.490828764], [-5.089638117, 30.307087152], [-5.276037842, 30.123000472], [-5.568951696, 30.007771624], [-5.941751147, 30.007771624], [-6.128150872, 30.007771624], [-6.234665001, 29.68441901], [-6.34117913, 29.406428755], [-6.554207388, 29.243915464], [-6.980263903, 29.011305439], [-7.326434822, 28.918114311], [-7.566091611, 28.824839372], [-7.779119869, 28.778170526], [-7.992148127, 28.731480793], [-8.125290788, 28.567902543], [-8.258433449, 28.450904955], [-8.6312329, 28.427489875], [-8.817632625, 28.497719561], [-9.00403235, 28.684770192], [-9.350203269, 28.941419957], [-9.72300272, 29.081143681], [-9.909402445, 29.104412584], [-10.228196144, 29.317914963]]]]}}, {"type": "Feature", "id": "hc_02", "properties": {"src_id": "hc_02", "name": "Western Sahara", "macro": "Saharan Africa", "blurb": "Western Sahara borders the Atlantic to the west. The northern border encompasses the two large desert plains of the western and eastern Grand Erg; and near the Oued Noun with its market of Guelmim, which is known as the westernmost \u201cdoor of the Sahara.\u201d"}, "geometry": {"type": "MultiPolygon", "coordinates": [[[[-10.228196144, 29.317914963], [-9.909402445, 29.104412584], [-9.72300272, 29.081143681], [-9.350203269, 28.941419957], [-8.817632625, 28.497719561], [-8.6312329, 28.427489875], [-8.258433449, 28.450904955], [-8.125290788, 28.567902543], [-7.992148127, 28.731480793], [-7.779119869, 28.778170526], [-7.566091611, 28.824839372], [-7.326434822, 28.918114311], [-6.980263903, 29.011305439], [-6.554207388, 29.243915464], [-6.34117913, 29.406428755], [-6.234665001, 29.68441901], [-6.128150872, 30.007771624], [-5.941751147, 30.007771624], [-5.568951696, 30.007771624], [-5.276037842, 30.123000472], [-4.849981327, 30.490828764], [-4.477181876, 30.536710104], [-4.024496828, 30.72001864], [-3.252269394, 30.948665027], [-2.852841411, 31.085591007], [-2.027356913, 31.017152611], [-1.86758572, 31.153980154], [-1.681185994, 31.472476499], [-1.494786269, 31.721966215], [-1.255129479, 31.880383876], [-0.908958561, 32.106222867], [-0.482902045, 32.083664005], [-0.05684553, 32.286493005], [0.555610711, 32.668378181], [0.875153097, 32.735601266], [1.008295758, 32.757997705], [1.194695484, 33.070955641], [1.807151724, 33.070955641], [1.99355145, 33.293818246], [2.286465304, 33.360566386], [2.3663509, 33.405036729], [2.38915453, 33.443080399], [3.058692738, 33.981075343], [3.697777511, 33.870598829], [4.203719623, 34.11345786], [4.41674788, 34.245633505], [4.89606146, 34.3776019], [5.881317151, 34.465465506], [6.680173117, 34.245633505], [7.266000826, 33.981075343], [7.745314406, 33.73783805], [8.118113856, 33.115573497], [9.422911934, 33.493909143], [9.502797531, 33.3828044], [10.008739643, 33.115573497], [10.381539094, 32.936966316], [10.887481206, 32.533780234], [10.698737697, 31.549429575], [10.448645228, 30.846541725], [10.162825263, 30.231115616], [9.877005298, 29.829006947], [9.591185334, 29.456387428], [9.269637874, 29.144821387], [9.091000396, 28.988682611], [9.37682036, 28.204463478], [8.983817909, 27.920719456], [8.304995493, 27.731141679], [7.84053805, 27.509550211], [7.51899059, 27.255755355], [7.125988139, 26.842102329], [6.697258192, 26.586791658], [6.232800749, 26.362926584], [6.054163271, 26.138627178], [6.018435776, 25.430887827], [6.054163271, 24.945935707], [6.089890767, 24.718967059], [5.589705829, 24.166036775], [5.732615811, 23.381345264], [5.732615811, 23.184437352], [5.531362736, 22.861477335], [5.018065899, 22.39392242], [4.732245935, 21.963831613], [4.517880961, 21.33289384], [4.339243483, 20.83285686], [4.12487851, 20.699230925], [4.482153466, 19.962198391], [4.160606006, 19.457686023], [3.874786041, 19.019167261], [3.80333105, 18.410077308], [3.696148563, 17.832838689], [3.553238581, 17.219600233], [3.15329891, 17.161054929], [2.731506182, 17.356054069], [1.981228775, 17.390151697], [1.088041386, 17.59460365], [0.40921897, 17.696743113], [-0.376785933, 18.1726215], [-1.019880854, 18.342266012], [-1.662975774, 18.410077308], [-2.448980677, 18.308350377], [-3.163530589, 18.308350377], [-4.092445474, 18.647206007], [-4.806995385, 18.748731562], [-5.521545297, 18.748731562], [-6.772007642, 18.816381379], [-7.343647571, 18.782559866], [-7.84383251, 18.88400399], [-8.308289952, 18.579488539], [-8.80847489, 18.443972948], [-9.308659828, 18.477861902], [-9.951754749, 18.477861902], [-10.487667183, 18.477861902], [-11.202217094, 18.443972948], [-11.55949205, 18.681054622], [-11.88103951, 18.681054622], [-12.345496953, 18.443972948], [-12.809954395, 18.308350377], [-13.381594325, 18.240499184], [-13.988961749, 18.951599312], [-14.274781714, 18.985386713], [-15.096514112, 18.748731562], [-15.489516564, 18.613350643], [-16.056669235, 18.428607941], [-16.150558472, 18.755554199], [-16.219242096, 19.002719879], [-16.368335724, 19.216388702], [-16.356931686, 19.529720306], [-16.361251831, 19.73333168], [-16.233057022, 19.793888092], [-16.196807861, 20.226108551], [-16.314167023, 20.377498627], [-16.532779694, 20.627498627], [-16.648334503, 20.661388397], [-16.923681259, 21.158470154], [-16.960002899, 21.707496643], [-16.851947784, 22.073471069], [-16.498126984, 22.325344086], [-16.185558319, 22.948469162], [-15.980556488, 23.447635651], [-15.829999924, 23.68381691], [-15.362501144, 24.27722168], [-14.900902748, 24.689649582], [-14.834584236, 24.918609619], [-14.753613472, 25.480552673], [-14.588056564, 25.830276489], [-14.538473129, 25.892913818], [-14.479306221, 26.098747253], [-14.03277874, 26.443538666], [-13.517778397, 26.820831299], [-13.220695496, 27.516525269], [-13.002500534, 27.819721222], [-12.614723206, 27.990276337], [-12.063055992, 28.0838871], [-11.732778549, 28.226387024], [-11.30333519, 28.524719238], [-10.521112442, 29.028331757], [-10.394445419, 29.168609619], [-10.228196144, 29.317914963]]]]}}, {"type": "Feature", "id": "hc_04", "properties": {"src_id": "hc_04", "name": "Western Savanna", "macro": "West Africa", "blurb": "Western Savanna is anchored in the Fuuta Jalon highlands, which are the source of the Niger, among other rivers extending eastward to the inner Niger River Delta. It is also the source of the Senegal and Gambia Rivers, which \ufb02owed toward Gor\u00e9e, St. Louis, among other key slave trading forts."}, "geometry": {"type": "MultiPolygon", "coordinates": [[[[-14.274781714, 18.985386713], [-13.988961749, 18.951599312], [-13.381594325, 18.240499184], [-12.809954395, 18.308350377], [-12.345496953, 18.443972948], [-11.88103951, 18.681054622], [-11.55949205, 18.681054622], [-11.202217094, 18.443972948], [-10.487667183, 18.477861902], [-9.951754749, 18.477861902], [-9.308659828, 18.477861902], [-8.80847489, 18.443972948], [-8.308289952, 18.579488539], [-7.84383251, 18.88400399], [-7.343647571, 18.782559866], [-6.772007642, 18.816381379], [-6.763283486, 18.815909403], [-5.521545297, 18.748731562], [-4.806995385, 18.748731562], [-4.092445474, 18.647206007], [-3.163530589, 18.308350377], [-2.448980677, 18.308350377], [-1.662975774, 18.410077308], [-1.019880854, 18.342266012], [-0.376785933, 18.1726215], [0.40921897, 17.696743113], [1.088041386, 17.59460365], [1.981228775, 17.390151697], [2.731506182, 17.356054069], [3.15329891, 17.161054929], [3.553238581, 17.219600233], [4.14322752, 16.624302708], [4.374210862, 16.30786006], [4.539198964, 16.086044949], [4.242220381, 15.736978643], [4.011237038, 15.323672757], [3.813251316, 14.813867003], [3.681260835, 14.526570406], [3.054306049, 14.334831282], [2.981709012, 13.911956035], [2.922315568, 13.30950029], [2.658334605, 13.084617234], [2.625336985, 12.730815974], [2.625336985, 12.569833053], [2.229365541, 12.150808191], [2.06437744, 11.76342897], [2.09737506, 11.343152334], [2.06437744, 11.019440035], [1.734401236, 10.79262869], [1.602410755, 10.598082507], [1.404425033, 10.306032012], [1.140444071, 9.916211153], [1.04145121, 9.623539912], [0.692106021, 9.585621141], [0.315503563, 9.721125549], [-0.311451224, 9.688600152], [-1.070396491, 9.688600152], [-1.862339379, 9.591005088], [-2.555289405, 9.493381926], [-3.05025371, 9.428284343], [-3.644210876, 9.363174476], [-4.10617756, 9.232918218], [-4.964115689, 9.004854289], [-5.921046678, 8.809256215], [-6.317018122, 8.646178634], [-6.844980047, 8.548298111], [-7.570927694, 8.385108174], [-8.032894378, 8.254506813], [-8.263877721, 8.254506813], [-8.725844405, 7.99317515], [-9.22080871, 7.470014725], [-9.682775394, 7.666275677], [-10.30973018, 8.221849696], [-11.035677828, 8.809256215], [-11.33265641, 9.004854289], [-11.662632614, 9.460834675], [-12.091601678, 9.883704885], [-12.553568362, 10.370955796], [-12.916542186, 10.825040877], [-13.37850887, 11.343152334], [-13.840475555, 11.73112248], [-14.302442239, 12.183064607], [-14.500427961, 12.408749214], [-14.698413683, 12.666434993], [-15.061387507, 12.891696772], [-15.391806602, 12.832915306], [-15.886328015, 13.020327073], [-16.194725037, 13.252637863], [-16.748336792, 13.026109695], [-16.817115784, 13.370648384], [-16.553890228, 13.565833092], [-16.745347977, 13.953471184], [-16.900558472, 14.263332367], [-17.1483078, 14.613920212], [-17.532779694, 14.750137329], [-17.233612061, 14.869443893], [-17.129169464, 14.931110382], [-16.973335266, 15.110277176], [-16.670280457, 15.555276871], [-16.546390533, 15.756666183], [-16.495555878, 16.403331757], [-16.301113129, 17.001663208], [-16.135002136, 17.35708046], [-16.039447784, 17.734580994], [-16.056669235, 18.428607941], [-15.096514112, 18.748731562], [-14.274781714, 18.985386713]]]]}}, {"type": "Feature", "id": "hc_05", "properties": {"src_id": "hc_05", "name": "Rivers", "macro": "West Africa", "blurb": "Rivers is an awkward way to refer to an African sub-region since there are rivers everywhere on the continent, but due to a lack of alternative names, we use it to replace \u201cUpper Guinea Coast.\u201d"}, "geometry": {"type": "MultiPolygon", "coordinates": [[[[-9.22080871, 7.470014725], [-9.527444605, 7.11850239], [-9.674136719, 6.924379828], [-9.918623576, 6.65733128], [-10.114213062, 6.365840011], [-10.366752625, 6.15237999], [-10.451320648, 6.202672958], [-10.810070038, 6.309374332], [-10.828611374, 6.44138813], [-11.07585907, 6.58727932], [-11.35118103, 6.694513321], [-11.381250381, 6.832083225], [-11.666389465, 7.037499428], [-12.320835114, 7.325277328], [-12.71777916, 7.508610725], [-12.870279312, 7.817777634], [-12.976529121, 8.17965126], [-13.155000687, 8.214166641], [-13.189444542, 8.556943893], [-13.265556335, 8.953609467], [-13.411945343, 9.282775879], [-13.69694519, 9.738193512], [-14.133611679, 10.048193932], [-14.698611259, 10.640483856], [-14.779167175, 10.94666481], [-14.948195457, 10.787289619], [-15.01684761, 10.956451416], [-15.215305328, 11.086650848], [-15.501146317, 11.332811356], [-15.531111717, 11.674721718], [-15.088195801, 11.851527214], [-15.370139122, 11.963748932], [-15.851945877, 11.767775536], [-16.157850266, 11.809026718], [-16.260002136, 12.222221375], [-16.568058014, 12.274998665], [-16.730834961, 12.334444046], [-16.793613434, 12.712221146], [-16.750475989, 13.0368257], [-16.748336792, 13.026109695], [-16.209017764, 13.246789531], [-15.886328015, 13.020327073], [-15.399375916, 12.797151566], [-15.061387507, 12.891696772], [-14.698413683, 12.666434993], [-14.698413683, 12.666434993], [-14.500427961, 12.408749214], [-14.302442239, 12.183064607], [-14.302442239, 12.183064607], [-13.840475555, 11.73112248], [-13.268093518, 11.124802002], [-12.80356849, 10.572534456], [-12.363492147, 10.11556051], [-11.94786449, 9.682036711], [-11.662632614, 9.460834675], [-11.33265641, 9.004854289], [-11.035677828, 8.809256215], [-10.529840719, 8.329821661], [-10.016418319, 7.894149743], [-9.682775394, 7.666275677], [-9.22080871, 7.470014725]]]]}}, {"type": "Feature", "id": "hc_06", "properties": {"src_id": "hc_06", "name": "Forests", "macro": "West Africa", "blurb": "Forests refers to an area that comprises a seasonal tropical forest ecosys- tem, which are protected rainforests in modern-day Liberia and Cote d\u2019Ivoire."}, "geometry": {"type": "MultiPolygon", "coordinates": [[[[-4.10617756, 9.232918218], [-3.644210876, 9.363174476], [-3.733106092, 8.885805169], [-3.733106092, 8.692512526], [-3.806452149, 8.208849232], [-3.855349521, 7.724596231], [-4.002041635, 7.336792025], [-4.222079806, 6.851563148], [-4.124285063, 6.778735347], [-4.197631121, 6.633046845], [-4.197631121, 6.341541497], [-4.222079806, 6.147112518], [-4.173182435, 5.831014799], [-4.124285063, 5.539073915], [-4.005694866, 5.230971813], [-4.349722862, 5.197499275], [-4.66257, 5.168610573], [-5.014204979, 5.125225544], [-5.821111679, 5.038887978], [-6.406389236, 4.823610306], [-7.134027958, 4.517638206], [-7.525402069, 4.352806091], [-7.713403225, 4.357013226], [-7.886944771, 4.47555542], [-8.242154121, 4.570832729], [-8.633890152, 4.796666145], [-9.142778397, 5.055555344], [-9.545557022, 5.419721603], [-10.046597481, 5.860415936], [-10.363918329, 6.154775688], [-10.114213062, 6.365840011], [-9.918623576, 6.65733128], [-9.674136719, 6.924379828], [-9.527444605, 7.11850239], [-9.22080871, 7.470014725], [-8.725844405, 7.99317515], [-8.500599805, 8.087839946], [-8.263877721, 8.254506813], [-8.032894378, 8.254506813], [-7.570927694, 8.385108174], [-6.844980047, 8.548298111], [-6.317018122, 8.646178634], [-5.921046678, 8.809256215], [-4.964115689, 9.004854289], [-4.10617756, 9.232918218], [-4.10617756, 9.232918218]]]]}}, {"type": "Feature", "id": "hc_07", "properties": {"src_id": "hc_07", "name": "Voltaic", "macro": "West Africa", "blurb": "Voltaic [describes] the basin encom- passing the Black, Red, and White Volta rivers, which extend into the interior as far as modern Burkina Faso."}, "geometry": {"type": "MultiPolygon", "coordinates": [[[[-4.002041635, 7.336792025], [-3.855349521, 7.724596231], [-3.806452149, 8.208849232], [-3.733106092, 8.692512526], [-3.644210876, 9.363174476], [-3.05025371, 9.428284343], [-2.555289405, 9.493381926], [-2.555289405, 9.493381926], [-1.862339379, 9.591005088], [-1.862339379, 9.591005088], [-1.862339379, 9.591005088], [-1.070396491, 9.688600152], [-0.750366436, 9.682036711], [-0.311451224, 9.688600152], [0.315503563, 9.721125549], [0.692106021, 9.585621141], [1.04145121, 9.623539912], [0.789900764, 9.247952552], [0.692106021, 9.054852719], [0.692106021, 8.765009072], [0.716554707, 8.499120135], [0.789900764, 8.257242656], [0.838798135, 7.869932037], [0.98549025, 7.627677847], [0.863246821, 7.530737503], [0.765452078, 7.336792025], [0.618759964, 7.069979361], [0.423170478, 6.803012509], [0.252029678, 6.560186377], [0.056440193, 6.292941038], [0.255833328, 5.757777214], [0.138333321, 5.712222099], [-0.069166675, 5.578055382], [-0.266250044, 5.511249542], [-0.649722338, 5.32749939], [-0.900000095, 5.200277328], [-1.300833464, 5.089999199], [-1.595139027, 5.024166107], [-1.736388922, 4.913610458], [-2.058888912, 4.730833054], [-2.257222652, 4.876943588], [-2.435833454, 4.931943893], [-2.865833759, 5.027499199], [-3.297986269, 5.119166374], [-3.454305649, 5.140138149], [-4.005694866, 5.230971813], [-4.005694866, 5.230971813], [-4.005694866, 5.230971813], [-4.124285063, 5.539073915], [-4.173182435, 5.831014799], [-4.222079806, 6.147112518], [-4.197631121, 6.341541497], [-4.197631121, 6.341541497], [-4.197631121, 6.633046845], [-4.124285063, 6.778735347], [-4.222079806, 6.851563148], [-4.002041635, 7.336792025]]]]}}, {"type": "Feature", "id": "hc_08", "properties": {"src_id": "hc_08", "name": "Western Bight", "macro": "West Africa", "blurb": "Western Bight typically con\ufb02ates onto the \u201cSlave Coast,\u201d which in con- temporary European sources described the section of coast and lagoons between Little Popo and Lagos, including Ouidah, Porto Novo, among others."}, "geometry": {"type": "MultiPolygon", "coordinates": [[[[0.789900764, 9.247952552], [1.04145121, 9.623539912], [1.653587278, 9.645460621], [2.026796644, 9.560542238], [2.471777042, 9.546387108], [3.017236885, 9.503918192], [3.462217284, 9.475602652], [3.892843476, 9.418964571], [4.323469667, 9.319825609], [4.725387447, 9.263162112], [5.041179987, 9.178149744], [5.443097766, 9.078942896], [5.816307133, 8.766972545], [6.132099673, 8.582502613], [6.347412769, 8.440541542], [6.577080072, 8.21329558], [6.66320531, 7.971704201], [6.706267929, 7.687296623], [6.691913723, 7.34575643], [6.677559517, 7.060938452], [6.648851104, 6.747436264], [6.620142691, 6.447994601], [6.562725865, 6.119831925], [6.476600627, 5.83430879], [6.390475389, 5.534353069], [6.246933325, 5.1627693], [6.175162293, 4.876786569], [6.045974435, 4.63360517], [5.868610382, 4.381388664], [5.736944199, 4.489443779], [5.599305153, 4.635416031], [5.523611069, 4.757499695], [5.451944351, 4.923054695], [5.384235382, 5.116527081], [5.345276833, 5.329999924], [5.375971794, 5.390138149], [5.261944294, 5.43319416], [5.182082653, 5.574860573], [5.142221451, 5.604166031], [5.083610535, 5.734305382], [4.948610306, 5.924444199], [4.746388435, 6.135971546], [4.53374958, 6.299166203], [4.32250309, 6.37215519], [4.085832596, 6.409721375], [3.845277309, 6.426110268], [3.534999847, 6.412499428], [3.31916666, 6.385555267], [3.10736084, 6.377082825], [2.85722208, 6.382222176], [2.362777472, 6.330416203], [2.056110859, 6.294166565], [1.69749999, 6.238055229], [1.293958187, 6.138540745], [1.030555487, 5.961943626], [1.001944304, 5.852916241], [0.944999933, 5.780833244], [0.789999962, 5.756666183], [0.663749933, 5.759930134], [0.255833328, 5.757777214], [0.203812431, 5.934258793], [0.056440193, 6.292941038], [0.160749812, 6.419466991], [0.252029678, 6.560186377], [0.423170478, 6.803012509], [0.618759964, 7.069979361], [0.765452078, 7.336792025], [0.863246821, 7.530737503], [0.98549025, 7.627677847], [0.838798135, 7.869932037], [0.789900764, 8.257242656], [0.716554707, 8.499120135], [0.692106021, 8.765009072], [0.692106021, 9.054852719], [0.789900764, 9.247952552]]]]}}, {"type": "Feature", "id": "hc_09", "properties": {"src_id": "hc_09", "name": "Eastern Bight", "macro": "West Africa", "blurb": "Eastern Bight refers to the interior of the Bight of Biafra and incorporates the central and eastern Niger Delta and Cross River region northward to the Benue River."}, "geometry": {"type": "MultiPolygon", "coordinates": [[[[6.691913723, 7.34575643], [6.706267929, 7.687296623], [6.921581025, 7.772639231], [7.050768883, 7.801082922], [7.323498804, 7.843744828], [7.682353964, 7.90062056], [7.912021267, 7.87218367], [8.184751188, 7.815304042], [8.400064284, 7.729970084], [8.687148412, 7.545020896], [8.945524127, 7.459632935], [9.476629764, 7.274568766], [9.663234447, 7.274568766], [9.892901749, 7.23185074], [10.266111116, 7.146402586], [10.424007386, 7.16064506], [10.739799927, 7.317282726], [10.940758816, 7.431166569], [11.199134532, 7.530790734], [11.357030802, 7.260329874], [11.500572866, 7.046692889], [11.586698104, 6.775944994], [11.687177549, 6.390937782], [11.758948581, 6.091286358], [11.816365407, 5.705775502], [11.931199058, 5.320005304], [12.017324296, 4.891088658], [11.945553264, 4.662219174], [11.715885962, 4.533447082], [11.44315604, 4.376027866], [11.199134532, 4.232890729], [10.912050404, 4.189944386], [10.653674689, 4.046773011], [10.40965318, 3.917897104], [10.079506433, 3.817646526], [9.745771408, 3.617585659], [9.636665344, 3.646666527], [9.554026604, 3.789583206], [9.640554428, 3.85722208], [9.613054276, 3.949444294], [9.528331757, 4.029999733], [9.468332291, 3.908055305], [9.344928741, 3.912499666], [9.102499008, 4.031665802], [8.974096298, 4.09979105], [8.976665497, 4.148611069], [8.988193512, 4.206388474], [8.924443245, 4.297082901], [8.908054352, 4.493888378], [8.784859657, 4.54083252], [8.711666107, 4.543749332], [8.714165688, 4.50263834], [8.537360191, 4.503680229], [8.510555267, 4.628610611], [8.536804199, 4.743610859], [8.401666641, 4.750277519], [8.314026833, 4.759027481], [8.359374046, 4.632013321], [8.293679237, 4.547499657], [8.118331909, 4.550555229], [8.022499084, 4.551388741], [7.673888206, 4.496943951], [7.561388016, 4.525554657], [7.516457558, 4.621874809], [7.447221756, 4.55027771], [7.248332977, 4.511388779], [7.165207863, 4.473957539], [6.961388588, 4.372221947], [6.794166565, 4.336666107], [6.630555153, 4.325554848], [6.404999733, 4.312221527], [6.111735821, 4.272846699], [5.868610382, 4.381388664], [6.045974435, 4.63360517], [6.175162293, 4.876786569], [6.246933325, 5.1627693], [6.390475389, 5.534353069], [6.476600627, 5.83430879], [6.562725865, 6.119831925], [6.620142691, 6.447994601], [6.648851104, 6.747436264], [6.677559517, 7.060938452], [6.691913723, 7.34575643]]]]}}, {"type": "Feature", "id": "hc_10", "properties": {"src_id": "hc_10", "name": "North Coaast", "macro": "North Africa", "blurb": "North Coast begins to the west of the Mediterranean Island of Djerba, on the boundary between modern-day Tunisia and Libya. To the southwest, it is bordered by the town of Wazin on edge of the Nafusa Mountains; the south- central oasis of Waddan, on the border of the Sirt Desert to the north, and the Black Mountain to the south; the Great Sand Sea to the south; and the Qattara Depression in the east."}, "geometry": {"type": "MultiPolygon", "coordinates": [[[[11.992221832, 33.003883362], [12.366109848, 32.825553894], [12.741109848, 32.794715881], [12.9090271, 32.815692902], [13.000831604, 32.842773438], [13.122360229, 32.883605957], [13.334999084, 32.904441833], [13.543888092, 32.808052063], [13.642775536, 32.78805542], [13.892775536, 32.778327942], [14.079442978, 32.723884583], [14.200277328, 32.703887939], [14.414860725, 32.556938171], [14.486665726, 32.510551453], [14.545555115, 32.503051758], [14.934999466, 32.437217712], [15.128610611, 32.409721375], [15.274651527, 32.319026947], [15.369373322, 32.154510498], [15.359998703, 32.03805542], [15.398611069, 31.856941223], [15.488055229, 31.659858704], [15.863887787, 31.338886261], [16.08082962, 31.261943817], [16.254859924, 31.23069191], [16.523609161, 31.217777252], [16.759719849, 31.219165802], [17.113330841, 31.126663208], [17.424720764, 31.050971985], [17.604164124, 30.996944427], [17.894163132, 30.867080688], [18.057220459, 30.814720154], [18.247358322, 30.728610992], [18.358886719, 30.627498627], [18.597499847, 30.463886261], [18.926387787, 30.288887024], [19.16305542, 30.263885498], [19.344997406, 30.294166565], [19.764997482, 30.518882751], [19.871387482, 30.631660461], [20.108886719, 30.943332672], [20.153470993, 31.076805115], [20.105552673, 31.297496796], [19.982776642, 31.48249054], [19.920829773, 31.727214813], [19.941944122, 31.957775116], [20.059371948, 32.155273437], [20.337219238, 32.409164429], [20.553333282, 32.553329468], [20.871109009, 32.684715271], [21.123607635, 32.777496338], [21.285274506, 32.770271301], [21.471664429, 32.816246033], [21.627775192, 32.934719086], [21.739656448, 32.931064606], [21.947498322, 32.904998779], [22.317775726, 32.881103516], [22.424163818, 32.835830688], [22.572498322, 32.783885956], [22.904441833, 32.679992676], [23.119163513, 32.619750977], [23.130832672, 32.310272217], [23.212566376, 32.270343781], [23.279998779, 32.207221985], [23.450275421, 32.186660767], [23.720067978, 32.175132751], [23.95208168, 32.112632751], [23.990415573, 32.048606873], [24.11749649, 32], [24.543052673, 31.985275269], [24.782497406, 32.004581451], [24.913608551, 31.979999542], [25.089443207, 31.766666412], [25.151664734, 31.646942139], [25.173887253, 31.54076004], [25.481109619, 31.518608093], [25.684444427, 31.57749939], [25.985553741, 31.61416626], [26.173332214, 31.563053131], [26.774440765, 31.460552216], [27.359165192, 31.328887939], [27.412220001, 31.236110687], [27.571109772, 31.188610077], [27.800762177, 31.213191986], [27.921386719, 31.098052979], [28.187774658, 31.072776794], [28.429721832, 31.078887939], [28.559997559, 31.032218933], [28.981388092, 30.839164734], [28.812113953, 30.553969301], [28.812113953, 30.349807512], [28.403040994, 30.312641277], [27.864787102, 30.349807512], [27.4772443, 30.349807512], [27.111231653, 30.349807512], [26.745219006, 30.219664022], [26.443796826, 29.884218711], [26.228495269, 29.772151583], [26.056254024, 29.753461516], [25.797892155, 29.828200857], [25.496469976, 29.977511882], [24.958216083, 30.238266515], [24.742914527, 30.107975215], [24.355371724, 29.940205109], [23.709467053, 29.90288434], [23.408044874, 29.90288434], [22.912851293, 29.846876968], [22.137765688, 29.809521255], [21.168908681, 29.772151583], [20.479943699, 29.753461516], [20.350762765, 29.566369352], [20.070870741, 29.172347227], [19.683327939, 28.946509122], [19.037423268, 28.9088214], [18.571017895, 28.901817983], [18.240807507, 28.984183137], [17.659493303, 29.115934092], [17.293480657, 29.115934092], [16.733696609, 29.360166982], [16.32462365, 29.585094216], [16.066261782, 29.659958922], [15.764839602, 29.697370406], [15.441887267, 29.716070926], [14.989753997, 29.884218711], [14.386909638, 30.163835435], [14.020896991, 30.368385339], [13.719474812, 30.572508238], [13.439582788, 30.646628547], [13.052039985, 30.739199093], [12.556846404, 30.942541299], [12.018592512, 31.071716211], [11.652579865, 31.127023265], [11.02820535, 31.384696294], [10.698737697, 31.549429575], [10.887481206, 32.533780234], [11.313537721, 32.668378181], [11.992221832, 33.003883362]]]]}}, {"type": "Feature", "id": "hc_11", "properties": {"src_id": "hc_11", "name": "Nile Valley", "macro": "North Africa", "blurb": "Nile Valley includes modern Egypt, the Sudan, and part of South Sudan. The Sinai Peninsula, which is part of modern-day Egypt, is often considered to be the desert boundary between Africa and Asia."}, "geometry": {"type": "MultiPolygon", "coordinates": [[[[29.034999847, 30.824165344], [29.17999649, 30.830276489], [29.337221146, 30.876941681], [29.803886414, 31.135555267], [30.064441681, 31.320274353], [30.096008301, 31.278377533], [30.21305275, 31.212915421], [30.30027771, 31.268886566], [30.355449677, 31.502843857], [30.499998093, 31.452358246], [30.845832825, 31.548885345], [31.065551758, 31.5652771], [31.225830078, 31.574443817], [31.520969391, 31.448608398], [31.598470688, 31.443330765], [31.921480179, 31.529884338], [31.933332443, 31.513469696], [32.103466034, 31.354026794], [32.3295784, 31.269302368], [32.462493896, 31.160552979], [32.599342346, 31.060146332], [32.711799622, 31.033538818], [32.781108856, 31.046110153], [33.115619659, 31.192497253], [33.143608093, 31.058330536], [33.206108093, 31.068054199], [33.412498474, 31.154859543], [33.604164124, 31.113609314], [33.743888855, 31.133331299], [33.931938171, 31.182220459], [34.216659546, 31.323329926], [34.287498474, 31.162776947], [34.401382446, 30.859443665], [34.489440918, 30.691108704], [34.545272827, 30.406944275], [34.614440918, 30.364997864], [34.723342896, 30.089344025], [34.753608704, 29.991107941], [34.8777771, 29.532497406], [34.744163513, 29.291385651], [34.665550232, 29.039165497], [34.622497559, 28.759441376], [34.524719238, 28.561943054], [34.409160614, 28.318748474], [34.451660156, 28.174165726], [34.446105957, 28.021110535], [34.431106567, 27.974441528], [34.255828857, 27.764720917], [33.973052979, 27.887775421], [33.563396454, 28.294721603], [33.306106567, 28.484996796], [33.221107483, 28.608055115], [33.167770386, 28.861110687], [33.172561646, 28.995067596], [32.928886414, 29.209857941], [32.741386414, 29.454719543], [32.683120728, 29.669303894], [32.577774048, 29.951385498], [32.47763443, 29.93680191], [32.481941223, 29.86930275], [32.409164429, 29.755554199], [32.360832214, 29.68305397], [32.340827942, 29.594860077], [32.43781662, 29.492164612], [32.596382141, 29.340553284], [32.657592773, 29.11946106], [32.618747711, 28.984025955], [32.688606262, 28.867774963], [32.829437256, 28.724441528], [32.860832214, 28.62638855], [32.999160767, 28.484443665], [33.126106262, 28.28360939], [33.334442139, 28.074996948], [33.432495117, 28.018608093], [33.516662598, 27.944442749], [33.579715729, 27.790552139], [33.474720001, 27.827497482], [33.494720459, 27.643886566], [33.561103821, 27.568332672], [33.668052673, 27.42423439], [33.738052368, 27.293888092], [33.837356567, 27.236663818], [33.835689545, 27.117635727], [33.943470001, 26.935693741], [33.947776794, 26.818885803], [33.953746796, 26.641109467], [34.009994507, 26.613887787], [34.143051147, 26.372219086], [34.222770691, 26.202774048], [34.438049316, 25.845275879], [34.509162903, 25.760555267], [34.669166565, 25.487220764], [34.770828247, 25.284442902], [34.986381531, 24.923885345], [35.088329315, 24.718193054], [35.13861084, 24.517498016], [35.221382141, 24.422222137], [35.383049011, 24.290554047], [35.448051453, 24.181943893], [35.599159241, 24.076663971], [35.8111763, 23.907011032], [35.485832214, 23.942914963], [35.512214661, 23.671943665], [35.554992676, 23.309444427], [35.662498474, 23.041110992], [36.016662598, 22.6902771], [36.275276184, 22.589164734], [36.439437866, 22.348888397], [36.750274658, 22.161663055], [36.886245728, 22.053194046], [36.911384583, 21.608608246], [37.199371338, 21.094163895], [37.171386719, 20.699581146], [37.200828552, 20.458053589], [37.242774963, 19.864719391], [37.308326721, 19.358608246], [36.952714976, 19.187748341], [36.571755606, 19.03776532], [35.905076709, 19.03776532], [35.206651197, 18.947710361], [34.952678284, 18.587006305], [34.5399723, 18.436486361], [33.873293403, 18.315975368], [33.651067104, 18.135051592], [33.270107734, 17.742409653], [32.889148365, 17.621422394], [32.508188995, 17.439789404], [32.031989782, 17.045632318], [31.55579057, 16.711463385], [31.270071043, 17.015277819], [30.762125216, 17.560898284], [30.412912461, 17.530628635], [30.000206477, 17.288290197], [29.460514036, 16.954554061], [29.428767422, 17.257975351], [29.365274194, 17.500353933], [29.428767422, 18.135051592], [29.428767422, 18.73739339], [29.587500493, 19.397495044], [29.534100335, 19.818426652], [29.587500493, 20.144369155], [29.587500493, 20.709622164], [29.524007265, 21.302355307], [29.460514036, 21.922161177], [29.430898626, 23.206633279], [29.354196095, 23.741326413], [29.246812552, 24.287817352], [29.078066984, 24.609011492], [28.940002428, 25.165646056], [28.863299897, 25.692106865], [28.77125686, 26.092322547], [28.694554329, 26.463710966], [28.694554329, 27.148304462], [28.587170786, 27.584260911], [28.633192304, 28.08618262], [28.847959391, 28.80107607], [28.863299897, 29.163399273], [28.832618885, 29.844303346], [28.812113953, 30.349807512], [28.812113953, 30.553969301], [28.981388092, 30.839164734], [29.034999847, 30.824165344]]]]}}, {"type": "Feature", "id": "hc_12", "properties": {"src_id": "hc_12", "name": "Central Sahara", "macro": "Saharan Africa", "blurb": "Central Sahara includes the desert\u2019s mountain ranges of Ahaggar, A\u00efr, and Tibesti; and extends westward to the Gilf Kebir plateau. The northeast- ern border holds the oasis of Siwa, an ancient gateway to Egypt, and the markets Awjila and Jalu."}, "geometry": {"type": "MultiPolygon", "coordinates": [[[[10.698737697, 31.549429575], [11.02820535, 31.384696294], [11.652579865, 31.127023265], [12.018592512, 31.071716211], [12.556846404, 30.942541299], [13.052039985, 30.739199093], [13.719474812, 30.572508238], [14.020896991, 30.368385339], [14.386909638, 30.163835435], [14.989753997, 29.884218711], [15.441887267, 29.716070926], [16.066261782, 29.659958922], [16.32462365, 29.585094216], [16.733696609, 29.360166982], [17.293480657, 29.115934092], [17.659493303, 29.115934092], [18.240807507, 28.984183137], [18.571017895, 28.901817983], [19.037423268, 28.9088214], [19.683327939, 28.946509122], [20.070870741, 29.172347227], [20.350762765, 29.566369352], [20.479943699, 29.753461516], [21.168908681, 29.772151583], [22.137765688, 29.809521255], [22.912851293, 29.846876968], [23.408044874, 29.90288434], [23.709467053, 29.90288434], [24.355371724, 29.940205109], [24.742914527, 30.107975215], [24.958216083, 30.238266515], [25.496469976, 29.977511882], [25.797892155, 29.828200857], [26.056254024, 29.753461516], [26.228495269, 29.772151583], [26.443796826, 29.884218711], [26.745219006, 30.219664022], [27.111231653, 30.349807512], [27.4772443, 30.349807512], [27.864787102, 30.349807512], [28.403040994, 30.312641277], [28.812113953, 30.349807512], [28.832618885, 29.844303346], [28.831730151, 29.488299379], [28.863299897, 29.163399273], [28.847959391, 28.80107607], [28.633192304, 28.08618262], [28.587170786, 27.584260911], [28.694554329, 27.148304462], [28.617965312, 26.768660555], [28.694554329, 26.463710966], [28.77125686, 26.092322547], [28.863299897, 25.692106865], [28.940002428, 25.165646056], [29.078066984, 24.609011492], [29.246812552, 24.287817352], [29.354196095, 23.741326413], [29.430898626, 23.206633279], [29.411948999, 22.74887482], [29.442486833, 22.212750802], [29.457095021, 22.070449834], [29.460514036, 21.922161177], [29.524007265, 21.302355307], [29.587500493, 20.709622164], [29.587500493, 20.144369155], [29.534100335, 19.818426652], [29.587500493, 19.397495044], [29.428767422, 18.73739339], [29.428767422, 18.135051592], [29.365274194, 17.500353933], [29.428767422, 17.257975351], [29.460514036, 16.954554061], [29.411948999, 16.335416128], [29.045494989, 16.247481177], [28.648503146, 16.247481177], [28.404200473, 16.247481177], [28.00720863, 16.130173401], [27.152149276, 15.836600879], [26.907846603, 15.865977477], [26.633006096, 15.954081562], [26.297089921, 15.660251804], [25.961173746, 15.601434859], [25.777946741, 15.51317784], [25.594719737, 15.307098317], [25.228265727, 15.071330346], [25.045038723, 15.307098317], [24.831273884, 15.159774183], [24.556433377, 15.041840883], [24.281592871, 14.864818699], [23.823525359, 14.864818699], [23.426533516, 14.923842314], [23.212768677, 15.041840883], [22.876852502, 15.159774183], [22.510398493, 15.248181046], [22.235557986, 15.689653934], [22.143944484, 15.689653934], [21.808028309, 15.689653934], [21.288885129, 15.601434859], [20.800279784, 15.483750435], [20.464363609, 15.365999011], [20.158985268, 15.248181046], [19.823069093, 15.071330346], [19.670379922, 14.864818699], [19.334463747, 14.569459643], [18.418328724, 14.746723097], [17.990799047, 14.687651227], [17.349504531, 14.62856339], [16.983050522, 14.392053533], [16.616596512, 14.303297478], [16.036377665, 14.392053533], [15.730999324, 14.569459643], [15.150780476, 14.717189162], [14.540023794, 14.717189162], [13.868191444, 14.658109301], [13.226896928, 14.480774321], [12.524526744, 14.421631058], [11.883232228, 14.510340046], [11.119786375, 14.835300834], [10.570105361, 14.95334805], [9.989886514, 14.776253026], [9.531819002, 14.687651227], [9.134827159, 14.746723097], [8.615683979, 15.012347342], [8.401919141, 15.307098317], [7.957589121, 15.518438822], [7.516321952, 15.630845443], [7.210943611, 15.719051826], [6.875027436, 15.924717826], [6.691800431, 15.865977477], [6.081043749, 15.630845443], [5.745127574, 15.748445474], [5.531362736, 16.012796123], [5.378673565, 16.012796123], [4.859530385, 15.895349795], [4.539198964, 16.086044949], [4.14322752, 16.624302708], [3.553238581, 17.219600233], [3.603001878, 17.433138624], [3.696148563, 17.832838689], [3.80333105, 18.410077308], [3.874786041, 19.019167261], [4.160606006, 19.457686023], [4.482153466, 19.962198391], [4.12487851, 20.699230925], [4.339243483, 20.83285686], [4.517880961, 21.33289384], [4.732245935, 21.963831613], [5.018065899, 22.39392242], [5.531362736, 22.861477335], [5.732615811, 23.184437352], [5.732615811, 23.381345264], [5.589705829, 24.166036775], [6.089890767, 24.718967059], [6.054163271, 24.945935707], [6.018435776, 25.430887827], [6.054163271, 26.138627178], [6.232800749, 26.362926584], [6.697258192, 26.586791658], [7.125988139, 26.842102329], [7.51899059, 27.255755355], [8.304995493, 27.731141679], [8.676759647, 27.826979656], [8.983817909, 27.920719456], [9.37682036, 28.204463478], [9.091000396, 28.988682611], [9.269637874, 29.144821387], [9.591185334, 29.456387428], [9.877005298, 29.829006947], [10.162825263, 30.231115616], [10.356340523, 30.572249618], [10.448645228, 30.846541725], [10.698737697, 31.549429575]]]]}}, {"type": "Feature", "id": "hc_13", "properties": {"src_id": "hc_13", "name": "Central Savanna", "macro": "West Africa", "blurb": "Central Savanna is landlocked and does not connect to the Atlantic. It includes the Sahel and savanna downstream to the east of the great bend in the Niger River, south of Gao to the con\ufb02uence with the Benue River, and eastward to the Lake Chad basin."}, "geometry": {"type": "MultiPolygon", "coordinates": [[[[4.242220381, 15.736978643], [4.539198964, 16.086044949], [4.859530385, 15.895349795], [5.378673565, 16.012796123], [5.531362736, 16.012796123], [5.745127574, 15.748445474], [6.081043749, 15.630845443], [6.691800431, 15.865977477], [6.875027436, 15.924717826], [7.210943611, 15.719051826], [7.516321952, 15.630845443], [7.957589121, 15.518438822], [8.401919141, 15.307098317], [8.615683979, 15.012347342], [9.134827159, 14.746723097], [9.531819002, 14.687651227], [9.989886514, 14.776253026], [10.570105361, 14.95334805], [11.119786375, 14.835300834], [11.48538301, 14.663614439], [11.883232228, 14.510340046], [12.524526744, 14.421631058], [13.226896928, 14.480774321], [13.868191444, 14.658109301], [14.540023794, 14.717189162], [15.150780476, 14.717189162], [15.730999324, 14.569459643], [16.036377665, 14.392053533], [16.616596512, 14.303297478], [16.983050522, 14.392053533], [17.02899979, 14.031679187], [17.01058149, 13.5111169], [16.934691966, 13.107767859], [16.886070107, 12.540669792], [16.806472932, 12.012719458], [16.870582449, 11.322090235], [16.870582449, 10.188410221], [16.61414438, 10.188410221], [15.620446865, 10.219957959], [15.139625487, 10.188410221], [14.498530315, 9.841181086], [13.857435144, 9.208927868], [12.959901904, 8.607236582], [11.93414963, 7.941097532], [11.199134532, 7.530790734], [10.940758816, 7.431166569], [10.896667928, 7.406180166], [10.739799927, 7.317282726], [10.424007386, 7.16064506], [10.266111116, 7.146402586], [9.892901749, 7.23185074], [9.663234447, 7.274568766], [9.476629764, 7.274568766], [8.687148412, 7.545020896], [8.400064284, 7.729970084], [8.184751188, 7.815304042], [7.912021267, 7.87218367], [7.682353964, 7.90062056], [7.323498804, 7.843744828], [7.050768883, 7.801082922], [6.921581025, 7.772639231], [6.706267929, 7.687296623], [6.66320531, 7.971704201], [6.577080072, 8.21329558], [6.347412769, 8.440541542], [6.132099673, 8.582502613], [5.816307133, 8.766972545], [5.443097766, 9.078942896], [5.041179987, 9.178149744], [4.725387447, 9.263162112], [4.323469667, 9.319825609], [3.892843476, 9.418964571], [3.462217284, 9.475602652], [3.017236885, 9.503918192], [2.471777042, 9.546387108], [2.026796644, 9.560542238], [1.653587278, 9.645460621], [1.04145121, 9.623539912], [1.140444071, 9.916211153], [1.404425033, 10.306032012], [1.734401236, 10.79262869], [2.06437744, 11.019440035], [2.09737506, 11.343152334], [2.06437744, 11.76342897], [2.229365541, 12.150808191], [2.625336985, 12.569833053], [2.658334605, 13.084617234], [2.922315568, 13.30950029], [2.981709012, 13.911956035], [3.054306049, 14.334831282], [3.681260835, 14.526570406], [3.813251316, 14.813867003], [4.011237038, 15.323672757], [4.242220381, 15.736978643]]]]}}, {"type": "Feature", "id": "hc_14", "properties": {"src_id": "hc_14", "name": "Eastern Savanna", "macro": "East Africa", "blurb": "Eastern Savanna incorporates Wadai, Darfur, and Kordofan west of the Nile valley. It includes the Sudd region and sources of the Congo River\u2019s northern tributaries."}, "geometry": {"type": "MultiPolygon", "coordinates": [[[[16.886070107, 12.540669792], [16.934691966, 13.107767859], [17.01058149, 13.5111169], [17.030856242, 13.824752779], [17.02899979, 14.031679187], [16.983050522, 14.392053533], [17.349504531, 14.62856339], [17.990799047, 14.687651227], [18.418328724, 14.746723097], [19.334463747, 14.569459643], [19.670379922, 14.864818699], [19.823069093, 15.071330346], [20.158985268, 15.248181046], [20.464363609, 15.365999011], [20.800279784, 15.483750435], [21.288885129, 15.601434859], [21.808028309, 15.689653934], [22.235557986, 15.689653934], [22.510398493, 15.248181046], [22.876852502, 15.159774183], [23.212768677, 15.041840883], [23.426533516, 14.923842314], [23.823525359, 14.864818699], [24.281592871, 14.864818699], [24.556433377, 15.041840883], [24.831273884, 15.159774183], [25.045038723, 15.307098317], [25.228265727, 15.071330346], [25.594719737, 15.307098317], [25.777946741, 15.51317784], [25.961173746, 15.601434859], [26.297089921, 15.660251804], [26.633006096, 15.954081562], [26.907846603, 15.865977477], [27.152149276, 15.836600879], [27.380600945, 15.885250068], [28.00720863, 16.130173401], [28.404200473, 16.247481177], [28.648503146, 16.247481177], [29.045494989, 16.247481177], [29.411948999, 16.335416128], [29.460514036, 16.954554061], [30.000206477, 17.288290197], [30.412912461, 17.530628635], [30.762125216, 17.560898284], [31.270071043, 17.015277819], [31.55579057, 16.711463385], [31.525051259, 16.517241945], [31.525051259, 16.466075182], [31.525051259, 16.329564538], [31.489476578, 16.210039477], [31.489476578, 16.00497089], [31.542838599, 15.816806158], [31.631775302, 15.611335767], [31.720712004, 15.422806801], [31.720712004, 15.216943544], [31.720712004, 15.045236884], [31.664406296, 14.826980261], [31.613987961, 14.632578846], [31.720712004, 14.546509904], [31.791861365, 14.374271514], [31.880798067, 14.236385119], [31.880798067, 14.046653927], [31.863010727, 13.874034455], [31.774074025, 13.684004619], [31.738499344, 13.424625907], [31.613987961, 13.268863683], [31.329390515, 13.182285869], [30.902494345, 13.164966622], [30.279937431, 13.130324456], [30.26215009, 13.026368685], [30.279937431, 12.922369259], [30.279937431, 12.766288978], [30.279937431, 12.592753435], [30.315512112, 12.453840331], [30.351086792, 12.245331381], [30.427552288, 12.145407156], [30.653471579, 11.914856186], [30.564534877, 11.810411438], [30.422236154, 11.705926863], [30.191000729, 11.671089878], [30.030914665, 11.671089878], [29.7818919, 11.601402794], [29.568443815, 11.427109152], [29.550656474, 11.21781537], [29.568443815, 11.095657085], [29.461719772, 10.938521424], [29.35499573, 10.798775288], [29.266059028, 10.658964109], [29.177122326, 10.51908869], [29.034823603, 10.309156872], [28.839162858, 10.239148353], [28.696864135, 10.239148353], [28.536778071, 10.344155305], [28.341117327, 10.361653059], [28.287755306, 10.204138291], [28.092094561, 9.976479583], [28.003157859, 9.713598822], [27.843071796, 9.731130694], [27.59404903, 9.818776222], [27.256089562, 9.85382795], [26.971492116, 9.888875953], [26.70468201, 9.590850094], [26.437871904, 9.432965062], [26.29557318, 9.503145185], [26.064337755, 9.783720783], [25.85088967, 10.011514451], [25.530717543, 10.064059659], [25.086034033, 10.046545537], [24.819223927, 9.958960735], [24.623563182, 10.046545537], [24.214454353, 10.431634289], [23.823132864, 10.571549449], [23.62747212, 10.46661901], [23.325087333, 10.291656197], [22.827041802, 10.344155305], [22.364570951, 10.484109892], [22.079973505, 10.711400872], [21.86652542, 10.990909294], [21.653077335, 11.252708277], [21.475203931, 11.357361584], [21.279543187, 11.409673865], [20.799284996, 11.461976509], [20.514687549, 11.392237506], [20.176728082, 11.392237506], [19.820981273, 11.339922022], [19.465234465, 11.21781537], [19.056125636, 10.921056742], [18.80710287, 10.676444036], [18.486930743, 10.676444036], [18.469143403, 10.554063523], [18.380206701, 10.431634289], [18.380206701, 10.221643804], [18.291269999, 9.906398554], [18.060034573, 9.888875953], [17.811011808, 9.503145185], [17.561989042, 9.801248966], [17.437477659, 9.976479583], [17.135092872, 10.239148353], [16.870582449, 10.188410221], [16.870582449, 11.322090235], [16.806472932, 12.012719458], [16.886070107, 12.540669792]]]]}}, {"type": "Feature", "id": "hc_15", "properties": {"src_id": "hc_15", "name": "Northeast", "macro": "East Africa", "blurb": "The Northeast sub-region encompasses most of modern-day Eritrea, Ethiopia, Djibouti, and most of Somalia. In a certain sense, this region is among the more dif\ufb01cult to de\ufb01ne due to its connection to the Nile valley, Great Lakes, eastern savanna, Somali desert, and Indian Ocean world."}, "geometry": {"type": "MultiPolygon", "coordinates": [[[[34.952678284, 18.587006305], [35.206651197, 18.947710361], [35.905076709, 19.03776532], [36.571755606, 19.03776532], [37.311943054, 19.299999237], [37.435688019, 18.853887558], [37.55305481, 18.709997177], [37.761940002, 18.664718628], [38.004714966, 18.48916626], [38.089439392, 18.307357788], [38.369163513, 18.187496185], [38.575828552, 18.087497711], [38.672218323, 17.847221375], [38.797775269, 17.653331757], [38.945274353, 17.348052979], [39.039161682, 17.052497864], [39.160827637, 16.573055267], [39.270137787, 15.98624897], [39.36555481, 15.849721909], [39.482772827, 15.5120821], [39.767780304, 15.062776566], [39.690551758, 15.315553665], [39.847633362, 15.474581718], [39.989715576, 15.389444351], [40.041664124, 15.20111084], [40.157497406, 14.984721184], [40.156734467, 15.017985344], [40.593887329, 14.946388245], [40.673881531, 14.904165268], [40.882774353, 14.716110229], [41.172218323, 14.630693436], [41.378608704, 14.373332977], [41.611938477, 14.067777634], [41.720275879, 13.915554047], [42.067771912, 13.697776794], [42.225479126, 13.551249504], [42.444927216, 13.190345764], [42.575271606, 13.161943436], [42.733745575, 13.023470879], [42.880550385, 12.808887482], [43.077980042, 12.828956604], [43.118049622, 12.729166031], [43.287773132, 12.493610382], [43.410133362, 12.234651566], [43.292636871, 11.965555191], [43.047634125, 11.80013752], [42.772563934, 11.731179237], [42.683052063, 11.490415573], [43.119438171, 11.571109772], [43.375553131, 11.383193016], [43.501800537, 11.210832596], [43.709159851, 10.935832977], [43.938331604, 10.701387405], [44.2527771, 10.468332291], [44.391384125, 10.41152668], [44.935554504, 10.423610687], [45.249996185, 10.592777252], [45.512771606, 10.69666481], [45.75888443, 10.872984886], [45.974159241, 10.793333054], [45.706105166, 10.413075648], [45.516523063, 10.253212257], [45.354024118, 10.11993105], [45.083192543, 10.146591742], [44.866527283, 10.146591742], [44.595695708, 10.039935707], [44.379030448, 9.986594481], [44.135282031, 9.906566258], [43.756117826, 9.879885837], [43.485286251, 9.773142568], [42.970706258, 9.746451383], [42.510292581, 9.666365035], [42.131128376, 9.612963531], [42.239461006, 9.425992169], [42.456126266, 9.212186627], [42.645708368, 9.051747344], [42.537375738, 8.864477768], [42.266544163, 8.730655195], [42.104045218, 8.516439501], [41.995712588, 8.462866713], [41.914463116, 8.302103809], [41.697797856, 8.19489188], [41.291550493, 8.114463949], [40.939469446, 8.168084368], [40.641554713, 8.19489188], [40.533222083, 8.034019917], [40.560305241, 7.819424969], [40.722804186, 7.658406125], [40.912386288, 7.443619861], [41.020718918, 7.255595442], [40.993635761, 6.986853293], [40.912386288, 6.664159199], [40.695721028, 6.421998631], [40.506138926, 6.314334463], [40.208224193, 6.179722808], [39.856143146, 5.910397478], [39.287396838, 5.667892402], [38.908232633, 5.613988393], [38.474902113, 5.613988393], [38.312403168, 5.452246645], [38.06865475, 5.398322979], [37.797823175, 5.452246645], [37.499908443, 5.452246645], [37.256160025, 5.425285415], [36.904078978, 5.344394517], [36.579081088, 5.290461306], [36.199916883, 5.209552688], [35.57700426, 5.263492934], [35.062424268, 5.344394517], [34.71034322, 5.344394517], [34.547844275, 5.07468192], [34.466594803, 4.831843975], [34.412428488, 4.642909624], [34.16868007, 4.642909624], [33.789515865, 4.561922148], [33.545767448, 4.507925412], [33.220769558, 4.345911321], [32.86868851, 4.102825294], [32.462441148, 3.967745247], [32.225104503, 3.752679548], [31.974944313, 3.643464421], [31.379114847, 3.292028586], [31.324948532, 3.616435598], [31.324948532, 3.940726563], [31.324948532, 4.183862407], [31.324948532, 4.399919951], [31.324948532, 4.723887805], [31.406198005, 5.128633653], [31.487447477, 5.425285415], [31.46036432, 5.721791377], [31.216615902, 5.964273222], [31.13536643, 6.341252619], [30.837451697, 6.637258294], [30.566620122, 6.825533438], [30.37703802, 7.094369027], [30.133289602, 7.524177203], [30.133289602, 7.899911175], [30.16037276, 8.436077521], [30.349954862, 8.810954547], [30.620786437, 8.864477768], [30.945784327, 8.917993192], [31.297865375, 8.998251611], [31.649946422, 9.265650264], [31.89369484, 9.532845482], [31.974944313, 9.773142568], [32.1103601, 10.039935707], [32.245775888, 10.306509083], [32.408274833, 10.865573033], [32.245775888, 11.051697958], [32.1103601, 11.184572186], [31.839528525, 11.397043993], [31.487447477, 11.794998659], [31.162449587, 11.794998659], [30.653471579, 11.914856186], [30.538881647, 12.023477533], [30.427552288, 12.145407156], [30.351086792, 12.245331381], [30.315512112, 12.453840331], [30.279937431, 12.592753435], [30.279937431, 12.766288978], [30.26215009, 13.026368685], [30.279937431, 13.130324456], [30.902494345, 13.164966622], [31.329390515, 13.182285869], [31.613987961, 13.268863683], [31.738499344, 13.424625907], [31.774074025, 13.684004619], [31.801281291, 13.740657565], [31.863010727, 13.874034455], [31.880798067, 14.046653927], [31.880798067, 14.236385119], [31.791861365, 14.374271514], [31.720712004, 14.546509904], [31.613987961, 14.632578846], [31.664406296, 14.826980261], [31.720712004, 15.045236884], [31.720712004, 15.216943544], [31.720712004, 15.422806801], [31.631775302, 15.611335767], [31.542838599, 15.816806158], [31.489476578, 16.00497089], [31.489476578, 16.210039477], [31.525051259, 16.329564538], [31.525051259, 16.517241945], [31.55579057, 16.711463385], [31.654498948, 16.783919207], [32.031989782, 17.045632318], [32.508188995, 17.439789404], [32.889148365, 17.621422394], [33.270107734, 17.742409653], [33.651067104, 18.135051592], [33.873293403, 18.315975368], [34.5399723, 18.436486361], [34.952678284, 18.587006305]]]]}}, {"type": "Feature", "id": "hc_16", "properties": {"src_id": "hc_16", "name": "Horn", "macro": "East Africa", "blurb": "Due to its distinct geographic shape, the Horn sub-region contains the Somali desert and environs. It borders the Ethiopian highlands and Rift valley. Its sparse population was primarily Somali."}, "geometry": {"type": "MultiPolygon", "coordinates": [[[[45.516523063, 10.253212257], [45.706105166, 10.413075648], [45.888046317, 10.671174579], [45.974159241, 10.793333054], [46.198745728, 10.790831566], [46.271800995, 10.765971184], [46.335552216, 10.702916145], [46.453330994, 10.68999958], [46.646244049, 10.744998932], [46.768051147, 10.814165115], [46.979721069, 10.934444427], [47.09305191, 10.99458313], [47.339996338, 11.156944275], [47.483055115, 11.187776566], [47.664302826, 11.107777596], [47.792495728, 11.130554199], [48.12569046, 11.135137558], [48.165618896, 11.148748398], [48.221939087, 11.210554123], [48.521385193, 11.315553665], [48.660690308, 11.328055382], [48.817214966, 11.276943207], [48.956939697, 11.242776871], [49.192214966, 11.293888092], [49.424163818, 11.34083271], [49.560340881, 11.447984695], [49.784721375, 11.453054428], [50.09318924, 11.514582634], [50.436248779, 11.68347168], [50.533466339, 11.860137939], [50.635551453, 11.946387291], [50.909996033, 11.941387177], [51.144721985, 11.872499466], [51.278327942, 11.816665649], [51.167221069, 11.578887939], [51.076385498, 11.328054428], [51.112358093, 11.16430378], [51.114582062, 10.979373932], [51.129165649, 10.740276337], [51.145553589, 10.633609772], [51.411315918, 10.453257561], [51.273952484, 10.385762215], [51.134830475, 10.446721077], [50.911109924, 10.333332062], [50.894721985, 10.152776718], [50.899162292, 10.022777557], [50.8152771, 9.633054733], [50.809440613, 9.536943436], [50.818885803, 9.401388168], [50.68957901, 9.268332481], [50.645690918, 9.160971642], [50.553398132, 8.989789963], [50.424858093, 8.860277176], [50.322216034, 8.613610268], [50.196937561, 8.383609772], [50.109024048, 8.185693741], [50.028884888, 8.118055344], [49.844161987, 7.966110229], [49.806388855, 7.882777214], [49.795829773, 7.71444416], [49.732498169, 7.574443817], [49.66444397, 7.444999695], [49.604164124, 7.337777138], [49.342773437, 6.980833054], [49.219444275, 6.758333206], [49.071941376, 6.389027596], [49.04083252, 6.149722099], [48.85333252, 5.819999695], [48.668327332, 5.528610229], [48.517219543, 5.319999695], [48.310134888, 5.065415859], [48.164161682, 4.835555077], [48.05305481, 4.618888855], [47.871940613, 4.373888016], [47.707496643, 4.187360287], [47.3777771, 3.815277576], [47.016937256, 3.442777634], [46.763885498, 3.159999847], [46.484992981, 2.8952775], [46.17527771, 2.587777615], [45.92666626, 2.367499828], [45.687774658, 2.230833054], [45.133049011, 1.919166565], [44.986993802, 2.07601295], [44.857922532, 2.223419118], [44.710412509, 2.389233411], [44.636657497, 2.444500461], [44.489147474, 2.462922308], [44.267882439, 2.462922308], [44.028178651, 2.518186313], [43.991301145, 2.665545393], [43.954423639, 2.831303221], [43.806913616, 2.997037336], [43.677842346, 3.07068897], [43.51189357, 3.162746356], [43.364383546, 3.236386392], [43.19843477, 3.420462805], [43.050924747, 3.530891811], [42.848098465, 3.549295379], [42.62683343, 3.678109988], [42.497762159, 3.825303852], [42.221180866, 3.935682714], [41.87084456, 4.156396147], [41.87084456, 4.321890864], [41.87084456, 4.468967], [41.74177329, 4.671148321], [41.631140773, 4.836526168], [41.520508255, 4.836526168], [41.428314491, 4.965125534], [41.354559479, 5.09369983], [41.354559479, 5.277332633], [41.372998232, 5.479265873], [41.280804467, 5.681130868], [41.225488209, 5.901266477], [41.133294444, 5.956286851], [41.041100679, 5.937947336], [40.967345668, 6.121314699], [40.695721028, 6.421998631], [40.912386288, 6.664159199], [40.993635761, 6.986853293], [41.020718918, 7.255595442], [41.020718918, 7.255595442], [41.020718918, 7.255595442], [40.912386288, 7.443619861], [40.722804186, 7.658406125], [40.560305241, 7.819424969], [40.533222083, 8.034019917], [40.641554713, 8.19489188], [40.939469446, 8.168084368], [41.291550493, 8.114463949], [41.697797856, 8.19489188], [41.914463116, 8.302103809], [41.995712588, 8.462866713], [42.104045218, 8.516439501], [42.266544163, 8.730655195], [42.537375738, 8.864477768], [42.645708368, 9.051747344], [42.456126266, 9.212186627], [42.239461006, 9.425992169], [42.131128376, 9.612963531], [42.510292581, 9.666365035], [42.970706258, 9.746451383], [42.970706258, 9.746451383], [43.485286251, 9.773142568], [43.485286251, 9.773142568], [43.756117826, 9.879885837], [44.135282031, 9.906566258], [44.379030448, 9.986594481], [44.595695708, 10.039935707], [44.866527283, 10.146591742], [45.083192543, 10.146591742], [45.354024118, 10.11993105], [45.354024118, 10.11993105], [45.405862232, 10.162448534], [45.516523063, 10.253212257]]]]}}, {"type": "Feature", "id": "hc_17", "properties": {"src_id": "hc_17", "name": "Rainforest", "macro": "West Central Africa", "blurb": "The equatorial Rainforest comprises the enormous watershed of the Congo River and its tributaries. The Ubangi and Uele Rivers frame the north and around the Kasai River in the south. In the east it touches the Atlantic from south of Douala to above Cape Lopez, in modern-day Cameroon and Gabon, respectively."}, "geometry": {"type": "MultiPolygon", "coordinates": [[[[31.639402571, 2.841041522], [31.039608638, 3.047279884], [30.779924982, 2.907639022], [30.520241327, 2.748028344], [30.340460335, 2.668214923], [30.140703676, 2.42874419], [29.940947018, 2.129346554], [29.661287697, 1.949679523], [29.381628376, 1.690127078], [29.141920386, 1.53038491], [28.902212396, 1.410570407], [28.782358401, 1.091036325], [28.722431404, 0.79144211], [28.682480072, 0.631649158], [28.562626078, 0.312049758], [28.542650412, 0.052367638], [28.562626078, -0.307192868], [28.562626078, -0.5868434], [28.522674746, -0.866479953], [28.442772083, -1.106152251], [28.462747749, -1.285894002], [28.462747749, -1.665305096], [28.422796417, -1.90489658], [28.382845085, -2.204338591], [28.322918088, -2.523676821], [28.322918088, -2.803033776], [28.382845085, -3.062377105], [28.482723414, -3.401422824], [28.402820751, -3.62074257], [28.362869419, -3.899799557], [28.322918088, -4.099069654], [28.26299109, -4.298290097], [28.183088427, -4.437713579], [28.193221476, -4.635570764], [28.223039759, -4.835918532], [28.143137096, -5.09462746], [28.143137096, -5.373120503], [28.163112761, -5.989321423], [27.843502108, -6.088645469], [27.64374545, -6.267382279], [27.483940124, -6.326947697], [27.304159132, -6.366654166], [27.184305137, -6.406357564], [27.004524144, -6.565140082], [26.864694484, -6.644512431], [26.824743152, -6.624670538], [26.624986494, -6.584984361], [26.365302839, -6.584984361], [26.005740854, -6.565140082], [25.805984196, -6.704033297], [25.606227538, -6.842886946], [25.426446546, -6.704033297], [25.246665553, -6.565140082], [25.146787224, -6.565140082], [24.827176571, -6.565140082], [24.687346911, -6.426208107], [24.587468582, -6.446057874], [24.347760592, -6.446057874], [24.048125605, -6.446057874], [23.788441949, -6.426208107], [23.468831296, -6.485755076], [22.949463985, -6.505602506], [22.509999337, -6.644512431], [22.190388685, -6.664353523], [22.030583358, -6.584984361], [21.750924037, -6.485755076], [21.471264715, -6.485755076], [21.131678397, -6.465906865], [20.911946073, -6.366654166], [20.712189415, -6.346801314], [20.35262743, -6.346801314], [20.013041111, -6.287238177], [20.11291944, -6.128369962], [20.232773435, -5.889979309], [20.35262743, -5.631607376], [20.472481425, -5.393008071], [20.392578762, -5.154314927], [20.272724767, -4.975235959], [20.172846438, -4.781178798], [20.172846438, -4.602000253], [20.092943775, -4.283350339], [20.092943775, -4.004422402], [20.072968109, -3.924710953], [19.873211451, -3.745332605], [19.693430458, -3.545980281], [19.513649466, -3.346584965], [19.393795471, -3.22692814], [19.194038813, -3.047416646], [19.014257821, -2.847924384], [18.87442816, -2.728212283], [18.774549831, -2.548621945], [18.754574165, -2.388964997], [18.814501163, -2.269210036], [18.814501163, -2.069596651], [18.754574165, -1.86995813], [18.634720171, -1.730197508], [18.414987847, -1.490584369], [18.195255523, -1.2958793], [17.935571867, -1.096166263], [17.695863878, -0.87646663], [17.336301893, -0.636779716], [17.036666906, -0.417056819], [16.876861579, -0.397081657], [16.657129256, -0.397081657], [16.377469934, -0.357131192], [16.337518603, -0.277229759], [16.277591605, -0.157376648], [16.097810613, -0.117425432], [15.957980952, -0.157376648], [15.818151292, -0.157376648], [15.618394633, -0.137401049], [15.518516304, -0.137401049], [15.39866231, -0.177352229], [15.218881317, -0.077474159], [14.979173328, -0.117425432], [14.699514006, -0.117425432], [14.379903353, -0.137401049], [14.000365703, -0.077474159], [13.700730716, -0.017547185], [13.401095729, 0.062355466], [13.06150941, 0.16223359], [12.761874423, 0.222160248], [12.502190767, 0.342012768], [12.342385441, 0.262111222], [12.122653117, 0.202184719], [11.862969461, 0.16223359], [11.283675153, 0.142257995], [10.664429513, 0.202184719], [9.921110153, 0.18527776], [9.767777443, 0.185555533], [9.59077549, 0.275049031], [9.308609962, 0.526388884], [9.315068245, 0.621458232], [9.517776489, 0.676111042], [9.63277626, 0.582222104], [9.599095345, 0.844722152], [9.559999466, 0.955972135], [9.803976059, 1.002608299], [9.675554276, 1.088888884], [9.407776833, 1.106319189], [9.425832748, 1.291944265], [9.560554504, 1.492499828], [9.636388779, 1.587777615], [9.710484505, 1.760416627], [9.813401222, 1.92979157], [9.816665649, 2.349721909], [9.823331833, 2.566666603], [9.874443054, 2.846944332], [9.935207367, 3.006041527], [9.928609848, 3.185832977], [9.85194397, 3.341944218], [9.661664963, 3.531249762], [9.745771408, 3.617585659], [10.079506433, 3.817646526], [10.40965318, 3.917897104], [10.653674689, 4.046773011], [10.912050404, 4.189944386], [11.199134532, 4.232890729], [11.44315604, 4.376027866], [11.715885962, 4.533447082], [11.945553264, 4.662219174], [12.017324296, 4.891088658], [11.931199058, 5.320005304], [11.816365407, 5.705775502], [11.758948581, 6.091286358], [11.687177549, 6.390937782], [11.586698104, 6.775944994], [11.500572866, 7.046692889], [11.357030802, 7.260329874], [11.199134532, 7.530790734], [11.93414963, 7.941097532], [12.959901904, 8.607236582], [13.857435144, 9.208927868], [14.498530315, 9.841181086], [15.139625487, 10.188410221], [15.620446865, 10.219957959], [16.61414438, 10.188410221], [16.870582449, 10.188410221], [17.135092872, 10.239148353], [17.437477659, 9.976479583], [17.561989042, 9.801248966], [17.811011808, 9.503145185], [18.060034573, 9.888875953], [18.291269999, 9.906398554], [18.380206701, 10.221643804], [18.380206701, 10.431634289], [18.469143403, 10.554063523], [18.486930743, 10.676444036], [18.80710287, 10.676444036], [19.056125636, 10.921056742], [19.293917142, 11.079153929], [19.465234465, 11.21781537], [19.820981273, 11.339922022], [20.176728082, 11.392237506], [20.514687549, 11.392237506], [20.799284996, 11.461976509], [21.279543187, 11.409673865], [21.475203931, 11.357361584], [21.653077335, 11.252708277], [21.86652542, 10.990909294], [22.079973505, 10.711400872], [22.364570951, 10.484109892], [22.827041802, 10.344155305], [23.325087333, 10.291656197], [23.62747212, 10.46661901], [23.823132864, 10.571549449], [24.214454353, 10.431634289], [24.623563182, 10.046545537], [24.819223927, 9.958960735], [25.086034033, 10.046545537], [25.530717543, 10.064059659], [25.85088967, 10.011514451], [26.064337755, 9.783720783], [26.29557318, 9.503145185], [26.437871904, 9.432965062], [26.70468201, 9.590850094], [26.971492116, 9.888875953], [27.256089562, 9.85382795], [27.59404903, 9.818776222], [27.843071796, 9.731130694], [28.003157859, 9.713598822], [28.092094561, 9.976479583], [28.287755306, 10.204138291], [28.341117327, 10.361653059], [28.536778071, 10.344155305], [28.696864135, 10.239148353], [28.839162858, 10.239148353], [29.034823603, 10.309156872], [29.177122326, 10.51908869], [29.266059028, 10.658964109], [29.35499573, 10.798775288], [29.461719772, 10.938521424], [29.568443815, 11.095657085], [29.550656474, 11.21781537], [29.568443815, 11.427109152], [29.7818919, 11.601402794], [30.030914665, 11.671089878], [30.191000729, 11.671089878], [30.422236154, 11.705926863], [30.564534877, 11.810411438], [30.653471579, 11.914856186], [31.162449587, 11.794998659], [31.487447477, 11.794998659], [31.839528525, 11.397043993], [32.1103601, 11.184572186], [32.245775888, 11.051697958], [32.408274833, 10.865573033], [32.298075584, 10.627933468], [32.245775888, 10.306509083], [32.1103601, 10.039935707], [31.974944313, 9.773142568], [31.89369484, 9.532845482], [31.649946422, 9.265650264], [31.297865375, 8.998251611], [30.945784327, 8.917993192], [30.620786437, 8.864477768], [30.349954862, 8.810954547], [30.16037276, 8.436077521], [30.133289602, 7.899911175], [30.133289602, 7.524177203], [30.37703802, 7.094369027], [30.566620122, 6.825533438], [30.837451697, 6.637258294], [31.13536643, 6.341252619], [31.216615902, 5.964273222], [31.46036432, 5.721791377], [31.487447477, 5.425285415], [31.406198005, 5.128633653], [31.324948532, 4.723887805], [31.324948532, 4.399919951], [31.324948532, 4.183862407], [31.324948532, 3.940726563], [31.324948532, 3.616435598], [31.379114847, 3.292028586], [31.639402571, 2.841041522]]]]}}, {"type": "Feature", "id": "hc_18", "properties": {"src_id": "hc_18", "name": "Eastern Interior", "macro": "East Africa", "blurb": "Eastern Interior includes the plains and mountains of eastern Africa that dominate the eastern hinterland as far as the Great Lakes.56 To the north it abuts with the Ethiopian highlands and blends into the semi-desert of the Horn."}, "geometry": {"type": "MultiPolygon", "coordinates": [[[[39.856143146, 5.910397478], [40.208224193, 6.179722808], [40.506138926, 6.314334463], [40.695721028, 6.421998631], [40.967345668, 6.121314699], [41.041100679, 5.937947336], [41.133294444, 5.956286851], [41.225488209, 5.901266477], [41.280804467, 5.681130868], [41.372998232, 5.479265873], [41.354559479, 5.277332633], [41.354559479, 5.277332633], [41.354559479, 5.09369983], [41.428314491, 4.965125534], [41.520508255, 4.836526168], [41.631140773, 4.836526168], [41.74177329, 4.671148321], [41.87084456, 4.468967], [41.87084456, 4.321890864], [41.87084456, 4.156396147], [41.87084456, 4.156396147], [42.014719346, 3.984323957], [42.221180866, 3.935682714], [42.497762159, 3.825303852], [42.62683343, 3.678109988], [42.848098465, 3.549295379], [43.050924747, 3.530891811], [43.19843477, 3.420462805], [43.364383546, 3.236386392], [43.51189357, 3.162746356], [43.677842346, 3.07068897], [43.806913616, 2.997037336], [43.954423639, 2.831303221], [43.991301145, 2.665545393], [44.028178651, 2.518186313], [44.267882439, 2.462922308], [44.489147474, 2.462922308], [44.636657497, 2.444500461], [44.857922532, 2.223419118], [44.986993802, 2.07601295], [45.133049011, 1.919166565], [44.848052979, 1.757222176], [44.343605042, 1.395277739], [44.116520509, 1.503419665], [43.90952494, 1.296485994], [43.675343269, 1.190178443], [43.572861962, 1.062101579], [43.26541804, 0.908402391], [42.983594444, 0.703460161], [42.85549281, 0.472889525], [42.650530195, 0.344791178], [42.394326926, 0.344791178], [42.189364311, 0.344791178], [41.933161043, 0.114210242], [41.830679735, 0.01172901], [41.702578101, -0.193233239], [41.471995159, -0.423812682], [41.343893525, -0.449432265], [41.21579189, -0.705622305], [40.985208949, -0.859329885], [40.805866661, -1.217954942], [40.575283719, -1.550921497], [40.344700777, -1.93504787], [40.165358489, -2.011863258], [40.165358489, -2.139880797], [40.114117835, -2.344686366], [39.960395874, -2.472674792], [39.806673913, -2.549461963], [39.499229991, -2.651837707], [39.319887702, -2.754204979], [39.217406395, -2.984498678], [39.140545414, -3.265902857], [39.089304761, -3.44493762], [38.9355828, -3.649507447], [38.884342146, -3.751775056], [38.833101492, -4.058504777], [38.756240511, -4.160722568], [38.679379531, -4.288476116], [38.679379531, -4.441752127], [38.679379531, -4.620533814], [38.679379531, -4.773739451], [38.628138877, -5.080047027], [38.423176262, -5.156601525], [38.218213647, -5.182117647], [37.910769725, -5.309682697], [37.833908744, -5.488229292], [37.70580711, -5.641226759], [37.526464822, -5.870646975], [37.347122534, -6.049019832], [37.065298938, -6.354664065], [36.757855016, -6.660126828], [36.629753382, -6.914534323], [36.604133055, -7.245058638], [36.578512728, -7.397527281], [36.39917044, -7.422933631], [36.194207825, -7.473741922], [36.014865537, -7.600736708], [35.963624883, -7.727693943], [35.963624883, -8.006864671], [35.938004556, -8.184419626], [35.733041941, -8.311196262], [35.502459, -8.437931933], [35.271876058, -8.640622285], [35.015672789, -8.716603223], [34.708228867, -8.767248609], [34.426405271, -8.792568716], [33.683415792, -8.868518633], [33.657795465, -8.58995981], [33.45283285, -8.336546693], [33.324731216, -8.108334234], [33.196629582, -7.879992198], [33.017287294, -7.524544303], [32.812324679, -7.321299476], [32.607362064, -7.143384146], [32.55612141, -6.863663619], [32.504880756, -6.583778619], [32.402399449, -6.201864096], [32.376779122, -5.998062086], [32.351158795, -5.743202723], [32.197436834, -5.513731625], [32.171816507, -5.156601525], [32.043714873, -4.82480045], [32.043714873, -4.441752127], [32.197436834, -4.160722568], [32.299918142, -3.751775056], [32.299918142, -3.547228193], [32.197436834, -3.368212457], [32.197436834, -3.189163798], [32.376779122, -3.061252705], [32.632982391, -3.061252705], [33.119768601, -2.907739289], [33.196629582, -2.830974677], [33.45283285, -2.703022422], [33.657795465, -2.575056676], [33.913998734, -2.344686366], [34.19582233, -2.088675028], [34.170202003, -1.832621964], [34.247062983, -1.678972222], [34.400784944, -1.576532282], [34.452025598, -1.346024485], [34.580127233, -1.0386475], [34.656988213, -0.782476799], [34.785089847, -0.500671155], [34.964432135, -0.270093585], [34.861950828, 0.01172901], [34.861950828, 0.216691108], [34.887571155, 0.498508931], [34.836330501, 0.703460161], [34.810710174, 0.882785194], [34.887571155, 1.087717397], [34.964432135, 1.31824936], [35.015672789, 1.59998129], [35.015672789, 1.856067832], [34.836330501, 2.393722759], [34.68260854, 2.803225619], [34.503266252, 3.110259891], [34.400784944, 3.442779218], [34.170202003, 3.851873278], [33.789515865, 4.561922148], [34.16868007, 4.642909624], [34.412428488, 4.642909624], [34.466594803, 4.831843975], [34.547844275, 5.07468192], [34.71034322, 5.344394517], [35.062424268, 5.344394517], [35.57700426, 5.263492934], [35.861143576, 5.230993496], [36.199916883, 5.209552688], [36.579081088, 5.290461306], [36.904078978, 5.344394517], [37.256160025, 5.425285415], [37.499908443, 5.452246645], [37.797823175, 5.452246645], [38.06865475, 5.398322979], [38.312403168, 5.452246645], [38.474902113, 5.613988393], [38.908232633, 5.613988393], [39.287396838, 5.667892402], [39.856143146, 5.910397478]]]]}}, {"type": "Feature", "id": "hc_19", "properties": {"src_id": "hc_19", "name": "Great Lakes", "macro": "East Africa", "blurb": "Great Lakes form around the large lakes of Albert, Kivu, Kyoga, Edward, Rukwa, Victoria, Tanganyika, but not Bangwela, Bangweulu, Kisale, Mweru, and Malawi."}, "geometry": {"type": "MultiPolygon", "coordinates": [[[[33.789515865, 4.561922148], [34.170202003, 3.851873278], [34.400784944, 3.442779218], [34.503266252, 3.110259891], [34.68260854, 2.803225619], [34.836330501, 2.393722759], [35.015672789, 1.856067832], [35.015672789, 1.59998129], [34.964432135, 1.31824936], [34.887571155, 1.087717397], [34.810710174, 0.882785194], [34.836330501, 0.703460161], [34.887571155, 0.498508931], [34.861950828, 0.216691108], [34.861950828, 0.01172901], [34.964432135, -0.270093585], [34.785089847, -0.500671155], [34.656988213, -0.782476799], [34.580127233, -1.0386475], [34.452025598, -1.346024485], [34.400784944, -1.576532282], [34.247062983, -1.678972222], [34.170202003, -1.832621964], [34.19582233, -2.088675028], [33.913998734, -2.344686366], [33.657795465, -2.575056676], [33.196629582, -2.830974677], [33.119768601, -2.907739289], [32.632982391, -3.061252705], [32.376779122, -3.061252705], [32.197436834, -3.189163798], [32.197436834, -3.368212457], [32.299918142, -3.547228193], [32.299918142, -3.751775056], [32.197436834, -4.160722568], [32.043714873, -4.441752127], [32.043714873, -4.82480045], [32.171816507, -5.156601525], [32.197436834, -5.513731625], [32.351158795, -5.743202723], [32.376779122, -5.998062086], [32.402399449, -6.201864096], [32.504880756, -6.583778619], [32.55612141, -6.863663619], [32.607362064, -7.143384146], [32.812324679, -7.321299476], [33.017287294, -7.524544303], [33.196629582, -7.879992198], [33.324731216, -8.108334234], [33.45283285, -8.336546693], [33.657795465, -8.58995981], [33.683415792, -8.868518633], [33.44349536, -8.836355958], [33.177664628, -8.836355958], [32.867528773, -8.792574093], [32.646003163, -8.770681218], [32.313714747, -8.726891599], [31.693443038, -8.814465674], [31.272544378, -8.880132623], [30.873798279, -8.726891599], [30.497204741, -8.529775093], [30.25352657, -8.201022572], [30.209221448, -8.025575968], [30.209221448, -7.915883256], [30.032000959, -7.915883256], [29.921238154, -7.87199797], [29.899085593, -7.740314327], [29.810475349, -7.542711921], [29.810475349, -7.388958627], [29.699712544, -7.257127447], [29.500339494, -7.059308445], [29.212356201, -6.75142267], [28.968678029, -6.465353064], [28.747152419, -6.245188947], [28.481321686, -6.179121506], [28.163112761, -5.989321423], [28.143137096, -5.373120503], [28.143137096, -5.09462746], [28.223039759, -4.835918532], [28.193221476, -4.635570764], [28.183088427, -4.437713579], [28.26299109, -4.298290097], [28.322918088, -4.099069654], [28.362869419, -3.899799557], [28.402820751, -3.62074257], [28.482723414, -3.401422824], [28.382845085, -3.062377105], [28.322918088, -2.803033776], [28.322918088, -2.523676821], [28.347178152, -2.394400097], [28.382845085, -2.204338591], [28.422796417, -1.90489658], [28.462747749, -1.665305096], [28.482723414, -1.485592137], [28.462747749, -1.285894002], [28.442772083, -1.106152251], [28.522674746, -0.866479953], [28.562626078, -0.5868434], [28.562626078, -0.307192868], [28.542650412, 0.052367638], [28.562626078, 0.312049758], [28.682480072, 0.631649158], [28.722431404, 0.79144211], [28.782358401, 1.091036325], [28.902212396, 1.410570407], [29.141920386, 1.53038491], [29.381628376, 1.690127078], [29.661287697, 1.949679523], [29.940947018, 2.129346554], [30.140703676, 2.42874419], [30.340460335, 2.668214923], [30.520241327, 2.748028344], [30.779924982, 2.907639022], [31.039608638, 3.047279884], [31.379114847, 3.292028586], [31.974944313, 3.643464421], [32.225104503, 3.752679548], [32.462441148, 3.967745247], [32.86868851, 4.102825294], [33.220769558, 4.345911321], [33.545767448, 4.507925412], [33.789515865, 4.561922148]]]]}}, {"type": "Feature", "id": "hc_20", "properties": {"src_id": "hc_20", "name": "East Coast", "macro": "East Africa", "blurb": "East Coast, or Swahili coast, is a relatively thin strip of territory stretching from the Shabelle River and extending to the Ru\ufb01ji River and Ma\ufb01a Island to the south of Zanzibar. It extends no more than about 200 kilometers inland; beyond which is a low population, except in highland areas of the eastern interior."}, "geometry": {"type": "MultiPolygon", "coordinates": [[[[43.945827484, 1.019027591], [43.650970459, 0.799305499], [43.336032867, 0.478915155], [43.003051758, 0.12444444], [42.717498779, -0.178055584], [42.568885803, -0.308472246], [42.397499084, -0.511666715], [42.214160919, -0.752638936], [42.159164429, -0.8147223], [41.972770691, -1.020277977], [41.917221069, -1.127777815], [41.792495728, -1.337500095], [41.692497253, -1.496944666], [41.558158875, -1.674868107], [41.41444397, -1.8525002], [41.3152771, -1.958055735], [41.105552673, -1.981944561], [40.991661072, -2.034166813], [40.891662598, -2.019166946], [40.910552979, -2.122777939], [40.982082367, -2.257222414], [40.958469391, -2.304375172], [40.88999939, -2.225833416], [40.839164734, -2.248333454], [40.785831451, -2.300416946], [40.813743591, -2.400416851], [40.63048172, -2.552847385], [40.532913208, -2.526389122], [40.421943665, -2.554166794], [40.311943054, -2.609722614], [40.231109619, -2.671111345], [40.171386719, -2.78000021], [40.166244507, -2.932777882], [40.157775879, -3.080833435], [40.119369507, -3.190278053], [40.125480652, -3.265694618], [40.107776642, -3.292083502], [40.062774658, -3.315278053], [40.025276184, -3.340555668], [39.934997559, -3.466944695], [39.871383667, -3.620000362], [39.836387634, -3.79888916], [39.805549622, -3.875555992], [39.693119049, -4.052500248], [39.621496156, -4.204013797], [39.557760649, -4.346021939], [39.462845073, -4.52791141], [39.402496338, -4.633889198], [39.325828552, -4.640000343], [39.305271149, -4.602083683], [39.203025818, -4.669617653], [39.220832825, -4.747777939], [39.220550537, -4.848611832], [39.184715271, -4.921112061], [39.167289734, -4.865695], [39.137771606, -4.92277813], [39.126937866, -5.051389694], [39.078048706, -5.243889809], [39.055549622, -5.313055992], [38.966659546, -5.546667099], [38.929443359, -5.607500076], [38.859443665, -5.770000458], [38.832226398, -5.843510027], [38.802963257, -5.956944466], [38.776107788, -6.039722919], [38.83833313, -6.14666748], [38.843330383, -6.267778397], [38.851661682, -6.351111412], [38.870830536, -6.385278225], [38.922634125, -6.446667194], [39.022216797, -6.489722252], [39.046245575, -6.480972767], [39.105249534, -6.540223396], [39.167495728, -6.614167213], [39.243888855, -6.737500191], [39.304992676, -6.816389084], [39.344161987, -6.831111908], [39.38999939, -6.84805584], [39.46402359, -6.860694885], [39.492774963, -6.891667366], [39.507358551, -6.939167023], [39.531524658, -6.975973129], [39.54788208, -6.99431324], [39.540275574, -7.082777977], [39.483604431, -7.166944504], [39.421104431, -7.221944809], [39.374992371, -7.291111946], [39.299720764, -7.45916748], [39.288330078, -7.498888969], [39.274436951, -7.579167366], [39.277496338, -7.630278587], [39.275536212, -7.71000629], [39.299720764, -7.757778168], [39.342357635, -7.740278244], [39.446662903, -7.814167023], [39.441456564, -7.921968484], [39.16201176, -7.943591195], [38.887181308, -7.916370959], [38.543643244, -7.889148925], [38.241329747, -7.821086012], [37.801601025, -7.821086012], [37.34813078, -7.861925099], [36.97710967, -7.902760166], [36.606088561, -7.916370959], [36.290033542, -7.970809626], [36.111393748, -7.970809626], [35.963624883, -8.006864671], [35.963624883, -7.727693943], [36.014865537, -7.600736708], [36.194207825, -7.473741922], [36.39917044, -7.422933631], [36.578512728, -7.397527281], [36.604133055, -7.245058638], [36.629753382, -6.914534323], [36.757855016, -6.660126828], [37.065298938, -6.354664065], [37.065298938, -6.354664065], [37.065298938, -6.354664065], [37.347122534, -6.049019832], [37.526464822, -5.870646975], [37.70580711, -5.641226759], [37.833908744, -5.488229292], [37.910769725, -5.309682697], [38.218213647, -5.182117647], [38.423176262, -5.156601525], [38.628138877, -5.080047027], [38.68105847, -4.926205135], [38.679379531, -4.773739451], [38.679379531, -4.773739451], [38.679379531, -4.620533814], [38.679379531, -4.441752127], [38.679379531, -4.288476116], [38.833101492, -4.058504777], [38.884342146, -3.751775056], [38.9355828, -3.649507447], [39.089304761, -3.44493762], [39.089304761, -3.44493762], [39.140545414, -3.265902857], [39.217406395, -2.984498678], [39.319887702, -2.754204979], [39.499229991, -2.651837707], [39.806673913, -2.549461963], [39.960395874, -2.472674792], [40.114117835, -2.344686366], [40.165358489, -2.139880797], [40.165358489, -2.139880797], [40.165358489, -2.011863258], [40.344700777, -1.93504787], [40.575283719, -1.550921497], [40.805866661, -1.217954942], [40.985208949, -0.859329885], [41.21579189, -0.705622305], [41.343893525, -0.449432265], [41.471995159, -0.423812682], [41.702578101, -0.193233239], [41.830679735, 0.01172901], [42.189364311, 0.344791178], [42.650530195, 0.344791178], [42.85549281, 0.472889525], [42.983594444, 0.703460161], [43.26541804, 0.908402391], [43.572861962, 1.062101579], [43.675343269, 1.190178443], [43.90952494, 1.296485994], [44.116520509, 1.503419665], [44.343605042, 1.395277739], [43.945827484, 1.019027591]]]]}}, {"type": "Feature", "id": "hc_21", "properties": {"src_id": "hc_21", "name": "East Central", "macro": "East Africa", "blurb": "East Central lies between the Ru\ufb01ji and Zambezi Rivers, including the Kilwa coast. Inland boundaries run along the Ru\ufb01ji River to the Luwegu con\ufb02uence, after which it extends westward along the southern shores of Lake Tanganyika and then the Luapula River southward until Zumbo."}, "geometry": {"type": "MultiPolygon", "coordinates": [[[[39.16201176, -7.943591195], [39.441456564, -7.921968484], [39.445549011, -8], [39.348609924, -8.275001526], [39.295288086, -8.26786232], [39.305274963, -8.296667099], [39.309997559, -8.403333664], [39.324496439, -8.47912218], [39.339996338, -8.548334122], [39.354164124, -8.666667938], [39.355827332, -8.716945648], [39.403142481, -8.765540298], [39.458610535, -8.822500229], [39.533882141, -8.911111832], [39.452495575, -8.861390114], [39.392700195, -8.906666756], [39.457771301, -8.940834045], [39.580526818, -9.12091655], [39.64471817, -9.193612099], [39.649719238, -9.355626106], [39.681688991, -9.485699242], [39.701663971, -9.566945076], [39.731941223, -9.656112671], [39.734992981, -9.716667175], [39.730552673, -9.755001068], [39.784439087, -9.802223206], [39.805274963, -9.867084503], [39.791107178, -9.92388916], [39.826385498, -9.993057251], [39.889717102, -10.021666527], [39.927909851, -10.054722786], [39.997634888, -10.170556068], [40.066940308, -10.148335457], [40.128051758, -10.194723129], [40.132499695, -10.247777939], [40.227912903, -10.297639847], [40.208190918, -10.244931221], [40.238121033, -10.20527935], [40.261177063, -10.272152901], [40.348617956, -10.324186267], [40.433883667, -10.447778702], [40.436813354, -10.47817421], [40.516246796, -10.481945038], [40.569442749, -10.597223282], [40.58833313, -10.686668396], [40.535957258, -10.735530643], [40.503051758, -10.7911129], [40.551383972, -10.799722672], [40.617218018, -10.841668129], [40.608329773, -10.862361908], [40.533191681, -10.897917747], [40.509231567, -10.929792404], [40.501663208, -10.95805645], [40.531246185, -11.016320229], [40.563816071, -11.024236679], [40.561660767, -11.066389084], [40.498603821, -11.176668167], [40.467498779, -11.218612671], [40.417221069, -11.281389236], [40.387771606, -11.317779541], [40.476661682, -11.404097557], [40.451244354, -11.522084236], [40.428886414, -11.57472229], [40.424163818, -11.649723053], [40.446105957, -11.736946106], [40.471382141, -11.811389923], [40.479755468, -11.886699786], [40.505554199, -11.957223892], [40.514717102, -12.316389084], [40.509998322, -12.434028625], [40.474159241, -12.50493145], [40.498886108, -12.520973206], [40.558883667, -12.55333519], [40.58076592, -12.618526331], [40.611106873, -12.708889961], [40.645969391, -12.75541687], [40.644023895, -12.77736187], [40.585914405, -12.813908592], [40.513607025, -12.885001183], [40.476661682, -12.884166718], [40.41583252, -12.935417175], [40.461105347, -13.016389847], [40.494022369, -13.025417328], [40.509162903, -12.986112595], [40.518325806, -12.955001831], [40.592910767, -12.970694542], [40.571937561, -13.202777863], [40.559715271, -13.329444885], [40.589859009, -13.371875763], [40.548606873, -13.530834198], [40.578887939, -13.567222595], [40.539302826, -13.640418053], [40.547775269, -13.687778473], [40.579678028, -13.809046926], [40.602775574, -13.896805763], [40.635826111, -13.946250916], [40.649715424, -14.02166748], [40.642776489, -14.070835114], [40.616313934, -14.132014275], [40.532772064, -14.167500496], [40.598609924, -14.245834351], [40.649162292, -14.197500229], [40.698883057, -14.183195114], [40.744720459, -14.274723053], [40.728607178, -14.343055725], [40.682289124, -14.365625381], [40.643608093, -14.401390076], [40.670555115, -14.487779617], [40.708328247, -14.427778244], [40.775066376, -14.404375076], [40.821109772, -14.423473358], [40.831108093, -14.459445], [40.845275879, -14.734167099], [40.819999695, -14.81111145], [40.728466034, -14.889028549], [40.770271301, -14.978334427], [40.703884125, -15.081807137], [40.607498169, -15.115278244], [40.537841797, -15.124028206], [40.514442444, -15.183890343], [40.58159256, -15.196042061], [40.631801605, -15.15777874], [40.671661377, -15.289167404], [40.587776184, -15.479722977], [40.437911987, -15.60208416], [40.38110733, -15.694862366], [40.244720459, -15.833889008], [40.125549316, -15.940000534], [40.097496033, -16.082918167], [39.93277359, -16.243335724], [39.782634735, -16.305557251], [39.698608398, -16.536945343], [39.674438477, -16.555278778], [39.310554504, -16.752223969], [39.127494812, -16.870422363], [39.096179962, -16.984376907], [38.824440002, -17.056808472], [38.604721069, -17.09916687], [38.198120117, -17.269584656], [37.872215271, -17.376392365], [37.609161377, -17.525836945], [37.416938782, -17.632778168], [37.220550537, -17.750072479], [37.031803131, -17.952085495], [36.943885803, -18.108612061], [36.773605347, -18.301528931], [36.612495422, -18.453891754], [36.479721069, -18.576946259], [36.398605347, -18.733333588], [36.2527771, -18.891391754], [36.12305069, -18.802501678], [36.057410089, -18.605913615], [35.944670036, -18.499032381], [35.813139973, -18.356420294], [35.700399919, -18.213690326], [35.606449874, -18.088705527], [35.474919812, -17.910001355], [35.305809731, -17.83846911], [35.211859686, -17.623700272], [35.155489659, -17.408675388], [35.005169588, -17.265184563], [34.892429534, -17.10362382], [34.77968948, -16.941922774], [34.666949427, -16.852028665], [34.535419364, -16.762091813], [34.403889301, -16.726105149], [34.140829176, -16.636108797], [33.896559059, -16.492026819], [33.70865897, -16.347837492], [33.483178862, -16.149403416], [33.332858791, -15.950770137], [33.032218647, -15.788105361], [33.107378683, -15.58911551], [33.16374871, -15.444274267], [33.238908746, -15.208691723], [33.314068782, -15.00914659], [33.314068782, -14.791248357], [33.332858791, -14.645861004], [33.332858791, -14.445796046], [33.332858791, -14.263762446], [33.389228818, -14.154471545], [33.483178862, -14.008668587], [33.483178862, -13.899255533], [33.426808835, -13.771541619], [33.370438809, -13.442815283], [33.257698755, -13.223412971], [33.314068782, -12.967194081], [33.276488764, -12.765693718], [33.276488764, -12.435620342], [33.332858791, -12.196972305], [33.389228818, -11.976490844], [33.445598844, -11.590216745], [33.445598844, -11.203407814], [33.445598844, -11.000585837], [33.389228818, -10.797624198], [33.3516488, -10.612994484], [33.295278773, -10.446732315], [33.201328728, -10.261892245], [33.144958701, -10.09544377], [33.16374871, -9.891889907], [33.16374871, -9.65116376], [33.220118737, -9.410265496], [33.126168692, -9.243391123], [33.177664628, -8.836355958], [33.44349536, -8.836355958], [33.683415792, -8.868518633], [34.215989212, -8.835145645], [34.426405271, -8.792568716], [34.708228867, -8.767248609], [35.015672789, -8.716603223], [35.271876058, -8.640622285], [35.502459, -8.437931933], [35.733041941, -8.311196262], [35.938004556, -8.184419626], [35.963624883, -8.006864671], [36.111393748, -7.970809626], [36.290033542, -7.970809626], [36.606088561, -7.916370959], [36.97710967, -7.902760166], [37.34813078, -7.861925099], [37.801601025, -7.821086012], [37.992781012, -7.831211311], [38.241329747, -7.821086012], [38.543643244, -7.889148925], [38.887181308, -7.916370959], [39.16201176, -7.943591195]]]]}}, {"type": "Feature", "id": "hc_22", "properties": {"src_id": "hc_22", "name": "Southern Savanna", "macro": "West Central Africa", "blurb": "Southern Savanna extends from the rainforests southward as far as the Zambezi River. The Kwango and upper Kwanza rivers form its western border, while the east extends to around Lake Malawi. Its northern border resides along the rainforest and eastward as far as the Great Lakes."}, "geometry": {"type": "MultiPolygon", "coordinates": [[[[32.713625997, -15.771437374], [32.475482009, -15.733237327], [32.296874018, -15.695030103], [32.118266027, -15.695030103], [31.800740709, -15.695030103], [31.522906056, -15.714134611], [31.245071403, -15.733237327], [30.947391418, -15.733237327], [30.729092762, -15.695030103], [30.451258109, -15.675923805], [30.113887459, -15.637705846], [29.816207474, -15.542129758], [29.597908818, -15.465636936], [29.379610162, -15.446509309], [29.201002171, -15.484762797], [28.962858182, -15.561248532], [28.546106203, -15.733237327], [28.208735553, -15.943248365], [27.9309009, -16.17210069], [27.653066247, -16.438760187], [27.395076927, -16.667034623], [27.216468935, -16.989957082], [26.91878895, -17.350213057], [26.541727635, -17.596297804], [26.24404765, -17.690856872], [25.926522332, -17.690856872], [25.509770353, -17.690856872], [25.291471697, -17.653039202], [24.993791712, -17.671949031], [24.596885065, -17.653039202], [24.100751756, -17.653039202], [23.803071771, -17.653039202], [23.54508245, -17.520614885], [23.227557132, -17.350213057], [22.989413144, -17.160691879], [22.711578491, -16.838062156], [22.453589171, -16.5909732], [22.235290515, -16.305475818], [21.937610529, -15.924165491], [21.620085212, -15.523009209], [21.52085855, -15.350844745], [21.401786556, -15.255136312], [21.1834879, -15.159384257], [20.985034576, -15.082751372], [20.786581253, -15.044424559], [20.667509259, -15.044424559], [20.528591932, -15.063588828], [20.449210603, -14.948577408], [20.330138609, -14.814319503], [20.072149288, -14.564763031], [19.853850632, -14.430269076], [19.714933306, -14.391827272], [19.536325315, -14.372603886], [19.357717323, -14.468704245], [19.179109332, -14.526344522], [19.079882671, -14.737563276], [18.940965344, -15.082751372], [18.802048018, -15.063588828], [18.643285359, -15.025258567], [18.385296038, -14.967750272], [18.067770721, -14.87186884], [17.651018741, -14.737563276], [17.432720085, -14.545554612], [17.254112094, -14.372603886], [17.174730765, -14.084055894], [17.095349435, -13.775869184], [17.075504103, -13.602334779], [17.075504103, -13.370757856], [17.115194768, -13.158283295], [17.234266762, -12.94562437], [17.432720085, -12.771495511], [17.730400071, -12.558508491], [17.988389391, -12.384114962], [18.226533379, -12.248394839], [18.424986703, -12.093200665], [18.643285359, -11.87966175], [18.802048018, -11.665955288], [19.020346673, -11.413180982], [19.159264, -11.199118847], [19.218799997, -10.906961129], [19.218799997, -10.67302771], [19.159264, -10.438914146], [18.960810676, -10.321790987], [18.841738682, -10.243684619], [18.782202685, -10.126489023], [18.782202685, -9.970161685], [18.762357353, -9.79420382], [18.742512021, -9.579017622], [18.722666688, -9.344113495], [18.722666688, -9.148238758], [18.643285359, -9.069858528], [18.4845227, -9.050260789], [18.325760041, -9.030661983], [18.127306718, -8.991461177], [17.968544059, -8.854225048], [17.948698726, -8.73655328], [17.988389391, -8.520725568], [18.028080056, -8.265499563], [18.028080056, -7.911837926], [18.087616053, -7.597216712], [18.127306718, -7.420140343], [18.047925388, -7.223305268], [17.869317397, -7.006687743], [17.806349436, -6.818254913], [17.730400071, -6.69142877], [17.531946747, -6.395688356], [17.412874753, -6.1787028], [17.452565418, -6.001102828], [17.611328076, -6.001102828], [17.849472065, -6.001102828], [18.047925388, -5.981365894], [18.186842715, -6.060309335], [18.206688047, -6.198432484], [18.325760041, -6.257617098], [18.4845227, -6.277343816], [18.583749362, -6.277343816], [18.742512021, -6.297069787], [19.040192006, -6.395688356], [19.238645329, -6.375966155], [19.397407988, -6.297069787], [19.536325315, -6.237889635], [19.714933306, -6.257617098], [20.013041111, -6.287238177], [20.35262743, -6.346801314], [20.712189415, -6.346801314], [20.911946073, -6.366654166], [21.131678397, -6.465906865], [21.471264715, -6.485755076], [21.750924037, -6.485755076], [22.030583358, -6.584984361], [22.190388685, -6.664353523], [22.509999337, -6.644512431], [22.949463985, -6.505602506], [23.468831296, -6.485755076], [23.788441949, -6.426208107], [24.048125605, -6.446057874], [24.347760592, -6.446057874], [24.587468582, -6.446057874], [24.687346911, -6.426208107], [24.827176571, -6.565140082], [25.146787224, -6.565140082], [25.246665553, -6.565140082], [25.426446546, -6.704033297], [25.606227538, -6.842886946], [25.805984196, -6.704033297], [26.005740854, -6.565140082], [26.365302839, -6.584984361], [26.624986494, -6.584984361], [26.864694484, -6.644512431], [27.004524144, -6.565140082], [27.184305137, -6.406357564], [27.304159132, -6.366654166], [27.483940124, -6.326947697], [27.64374545, -6.267382279], [27.843502108, -6.088645469], [28.163112761, -5.989321423], [28.481321686, -6.179121506], [28.747152419, -6.245188947], [28.968678029, -6.465353064], [29.212356201, -6.75142267], [29.500339494, -7.059308445], [29.699712544, -7.257127447], [29.810475349, -7.388958627], [29.810475349, -7.542711921], [29.899085593, -7.740314327], [29.921238154, -7.87199797], [30.032000959, -7.915883256], [30.209221448, -7.915883256], [30.209221448, -8.025575968], [30.25352657, -8.201022572], [30.497204741, -8.529775093], [30.873798279, -8.726891599], [31.272544378, -8.880132623], [31.693443038, -8.814465674], [32.313714747, -8.726891599], [32.646003163, -8.770681218], [33.177664628, -8.836355958], [33.126168692, -9.243391123], [33.220118737, -9.410265496], [33.16374871, -9.65116376], [33.16374871, -9.891889907], [33.144958701, -10.09544377], [33.201328728, -10.261892245], [33.295278773, -10.446732315], [33.3516488, -10.612994484], [33.389228818, -10.797624198], [33.445598844, -11.000585837], [33.445598844, -11.203407814], [33.445598844, -11.590216745], [33.389228818, -11.976490844], [33.332858791, -12.196972305], [33.276488764, -12.435620342], [33.276488764, -12.765693718], [33.314068782, -12.967194081], [33.257698755, -13.223412971], [33.370438809, -13.442815283], [33.426808835, -13.771541619], [33.483178862, -13.899255533], [33.483178862, -14.008668587], [33.389228818, -14.154471545], [33.332858791, -14.263762446], [33.332858791, -14.445796046], [33.332858791, -14.645861004], [33.314068782, -14.791248357], [33.314068782, -15.00914659], [33.238908746, -15.208691723], [33.16374871, -15.444274267], [33.107378683, -15.58911551], [33.032218647, -15.788105361], [32.713625997, -15.771437374]]]]}}, {"type": "Feature", "id": "hc_23", "properties": {"src_id": "hc_23", "name": "West Central North", "macro": "West Central Africa", "blurb": "West Central North incorporates the stretch of coast from Cape Lopez at the Gabon estuary to the Kwanza River basin, including some areas to the south of the river depending on the time period."}, "geometry": {"type": "MultiPolygon", "coordinates": [[[[17.835790391, -8.655656957], [17.714247233, -8.642305736], [17.525180098, -8.642305736], [17.106531442, -8.802488978], [16.902636878, -8.91669295], [16.671526763, -8.947133958], [16.471231331, -8.947133958], [16.276071679, -8.972499521], [16.106590928, -8.99786331], [15.983332201, -9.013080731], [15.793308329, -9.048585551], [15.618691798, -9.068872448], [15.454346828, -9.094229456], [15.3310881, -9.144938079], [15.15647157, -9.236195371], [14.966447698, -9.317293134], [14.745609144, -9.398372068], [14.565856833, -9.464234729], [14.458005447, -9.489563167], [14.309067817, -9.499694018], [14.175537529, -9.484497629], [14.042007241, -9.438904425], [13.903341172, -9.362902361], [13.749267763, -9.32236112], [13.584922793, -9.251402628], [13.410306262, -9.210848484], [13.297319095, -9.30715694], [13.142375946, -9.33770752], [13.116664886, -9.301111221], [13.030258518, -9.155078938], [13.013609886, -9.086945534], [13.055276871, -9.024723053], [13.099721909, -8.957778931], [13.1902771, -8.86161232], [13.22770977, -8.804514885], [13.278331757, -8.781112671], [13.360277176, -8.768333435], [13.387498856, -8.740278244], [13.400277138, -8.630764961], [13.368770599, -8.581422806], [13.351110458, -8.50444603], [13.379235268, -8.458750725], [13.391804695, -8.393750191], [13.369869232, -8.329251289], [13.31916523, -8.257223129], [13.25916481, -8.165834427], [13.215555191, -8.065555573], [13.199720383, -8.028612137], [13.155277252, -7.914444923], [13.116109848, -7.821666718], [13.072360039, -7.750139236], [13.010276794, -7.593334198], [12.984443665, -7.526667595], [12.951665878, -7.438055992], [12.869165421, -7.268611908], [12.858504066, -7.197579697], [12.841943741, -7.087223053], [12.828332901, -6.990555763], [12.817777634, -6.950278282], [12.760674032, -6.88130397], [12.665555, -6.76638937], [12.598609924, -6.695278168], [12.548887253, -6.655000687], [12.499980919, -6.555250005], [12.461942673, -6.473611832], [12.4088291, -6.319521], [12.340831757, -6.22277832], [12.263332367, -6.13444519], [12.256596565, -6.077639103], [12.314443588, -6.097500801], [12.408332825, -6.076945305], [12.527776718, -6.048055649], [12.645074995, -6.03869443], [12.727776527, -6.019166946], [12.826526642, -6.006944656], [12.930693626, -5.945833683], [12.953054428, -5.89944458], [13.059304237, -5.878472328], [13.107915878, -5.869167328], [12.974790573, -5.827708721], [12.89791584, -5.811944962], [12.758193016, -5.860972404], [12.714235306, -5.950764179], [12.659716606, -5.979310989], [12.524721146, -6.006944656], [12.435832977, -6.016667366], [12.352335516, -5.936539206], [12.26499939, -5.864722252], [12.234999657, -5.812917233], [12.214551926, -5.768555641], [12.176109314, -5.714167595], [12.154789925, -5.677431107], [12.152776718, -5.614583492], [12.182638168, -5.538472652], [12.232638359, -5.501528263], [12.207098045, -5.414006326], [12.176109314, -5.32333374], [12.163887024, -5.293889046], [12.130554199, -5.228333473], [12.045276642, -5.088889122], [12.001040459, -5.014930725], [11.904096703, -4.885975242], [11.82611084, -4.804166794], [11.806595802, -4.777222633], [11.784999847, -4.68611145], [11.783886909, -4.628611565], [11.798193932, -4.60458374], [11.774166107, -4.542639732], [11.707221985, -4.47166729], [11.638471603, -4.409306049], [11.558610916, -4.347500801], [11.442307762, -4.240574424], [11.380414963, -4.190139771], [11.35694313, -4.114167213], [11.313610077, -4.067083836], [11.216943741, -3.991111279], [11.14066124, -3.925277233], [11.045138359, -3.851944685], [11.009305, -3.805417061], [10.985554695, -3.744028091], [10.976527214, -3.696527958], [10.926527023, -3.640000343], [10.82749939, -3.552778244], [10.752222061, -3.496944904], [10.714166641, -3.471944809], [10.685479533, -3.41875064], [10.645971298, -3.345486164], [10.611665726, -3.285833359], [10.557474924, -3.228367972], [10.50138855, -3.168889046], [10.435276031, -3.104166985], [10.27062792, -2.949939715], [10.198331833, -2.902500153], [10.125346153, -2.844976638], [10.046110153, -2.785277843], [9.992927551, -2.737024307], [9.889860153, -2.650972605], [9.856957408, -2.616160881], [9.77741825, -2.532002988], [9.769052505, -2.4954319], [9.79992485, -2.501248598], [9.830276489, -2.500833511], [9.889195432, -2.535218], [9.970693588, -2.582777977], [9.974651337, -2.617639065], [10.016109467, -2.639722347], [10.104043882, -2.599214736], [10.156456947, -2.575069666], [10.133471489, -2.523889303], [10.07611084, -2.49333334], [10.047557237, -2.510661777], [9.981388092, -2.56111145], [9.958610535, -2.545278072], [9.911943436, -2.475555897], [9.868055344, -2.419444561], [9.814234734, -2.430347443], [9.761734962, -2.478819609], [9.723415375, -2.439503908], [9.665555, -2.42611146], [9.631942749, -2.394166946], [9.589373589, -2.3390975], [9.578818321, -2.291944504], [9.580554962, -2.255000114], [9.575276375, -2.217916965], [9.555276871, -2.188194752], [9.503749847, -2.133333445], [9.485277176, -2.116666794], [9.424165726, -2.060972452], [9.37687397, -2.009236336], [9.361722458, -1.981700933], [9.336942673, -1.936666727], [9.322498322, -1.907500029], [9.443332672, -1.917500019], [9.488332748, -2.007222652], [9.536873817, -2.068403006], [9.56235981, -2.057500124], [9.56638813, -2.034722567], [9.538036883, -1.970975881], [9.518054962, -1.926944494], [9.477082253, -1.858541727], [9.373192787, -1.823333502], [9.348054886, -1.856666803], [9.262776375, -1.849444509], [9.243818283, -1.78229177], [9.25097084, -1.753194571], [9.245638404, -1.682781212], [9.233470917, -1.621944547], [9.221942902, -1.59583354], [9.202220917, -1.561111212], [9.128610611, -1.470555782], [9.069442749, -1.39277792], [9.030277252, -1.336111307], [9.040156364, -1.325548291], [9.075553894, -1.34027791], [9.116388321, -1.407222271], [9.176378017, -1.470444852], [9.23333168, -1.530277967], [9.24747335, -1.572415224], [9.291110992, -1.638889074], [9.361944199, -1.629166842], [9.391666412, -1.65166688], [9.411664963, -1.672777891], [9.422777176, -1.614166737], [9.451665878, -1.610833406], [9.513887405, -1.596666813], [9.483610153, -1.548333406], [9.436388016, -1.514861226], [9.391942978, -1.563333511], [9.347499847, -1.575833559], [9.309720993, -1.583889008], [9.275293263, -1.538425637], [9.25138855, -1.498611212], [9.31238648, -1.442633928], [9.336943626, -1.399722338], [9.352777481, -1.341944456], [9.333436012, -1.285590291], [9.337081909, -1.345000148], [9.327776909, -1.369722247], [9.263416088, -1.397969778], [9.176527023, -1.412291765], [9.016942978, -1.270000219], [8.999443054, -1.159722328], [8.896944046, -1.008055687], [8.807777405, -0.853611112], [8.700832367, -0.603055596], [8.751110077, -0.614166737], [8.958471298, -0.756111205], [9.087290764, -0.679166675], [9.16444397, -0.540000081], [9.298332214, -0.37166667], [9.341110229, -0.117916673], [9.341734886, 0.06555555], [9.302221298, 0.284166634], [9.305831909, 0.317361057], [9.350832939, 0.362013847], [9.372499466, 0.328333318], [9.381666183, 0.203611106], [9.489442825, 0.164444417], [9.706388474, 0.128611088], [9.921110153, 0.18527776], [10.664429513, 0.202184719], [11.283675153, 0.142257995], [11.862969461, 0.16223359], [12.122653117, 0.202184719], [12.342385441, 0.262111222], [12.502190767, 0.342012768], [12.761874423, 0.222160248], [12.920044884, 0.163623756], [13.06150941, 0.16223359], [13.401095729, 0.062355466], [13.700730716, -0.017547185], [14.000365703, -0.077474159], [14.379903353, -0.137401049], [14.699514006, -0.117425432], [14.979173328, -0.117425432], [15.218881317, -0.077474159], [15.39866231, -0.177352229], [15.518516304, -0.137401049], [15.618394633, -0.137401049], [15.818151292, -0.157376648], [15.957980952, -0.157376648], [16.097810613, -0.117425432], [16.277591605, -0.157376648], [16.337518603, -0.277229759], [16.377469934, -0.357131192], [16.657129256, -0.397081657], [16.876861579, -0.397081657], [17.036666906, -0.417056819], [17.336301893, -0.636779716], [17.695863878, -0.87646663], [17.935571867, -1.096166263], [18.195255523, -1.2958793], [18.414987847, -1.490584369], [18.634720171, -1.730197508], [18.754574165, -1.86995813], [18.814501163, -2.069596651], [18.814501163, -2.269210036], [18.754574165, -2.388964997], [18.774549831, -2.548621945], [18.87442816, -2.728212283], [19.194038813, -3.047416646], [19.513649466, -3.346584965], [19.693430458, -3.545980281], [19.873211451, -3.745332605], [20.072968109, -3.924710953], [20.092943775, -4.004422402], [20.092943775, -4.283350339], [20.172846438, -4.602000253], [20.172846438, -4.781178798], [20.272724767, -4.975235959], [20.392578762, -5.154314927], [20.472481425, -5.393008071], [20.35262743, -5.631607376], [20.232773435, -5.889979309], [20.11291944, -6.128369962], [20.013041111, -6.287238177], [19.714933306, -6.257617098], [19.536325315, -6.237889635], [19.397407988, -6.297069787], [19.238645329, -6.375966155], [19.040192006, -6.395688356], [18.742512021, -6.297069787], [18.583749362, -6.277343816], [18.325760041, -6.257617098], [18.206688047, -6.198432484], [18.186842715, -6.060309335], [18.047925388, -5.981365894], [17.849472065, -6.001102828], [17.611328076, -6.001102828], [17.452565418, -6.001102828], [17.412874753, -6.1787028], [17.531946747, -6.395688356], [17.730400071, -6.69142877], [17.806349436, -6.818254913], [17.869317397, -7.006687743], [18.047925388, -7.223305268], [18.127306718, -7.420140343], [18.087616053, -7.597216712], [18.028080056, -7.911837926], [18.028080056, -8.265499563], [17.988389391, -8.520725568], [17.835790391, -8.655656957]]]]}}, {"type": "Feature", "id": "hc_24", "properties": {"src_id": "hc_24", "name": "West Central South", "macro": "West Central Africa", "blurb": "West Central South includes the region from the central Angolan high- lands to the towns of Huila and Mo\u00e7amedes, formerly Namibe, on the northern fringes of the Kalahari and Namib deserts.48 A geographic distinc- tion is the \u201crough highlands\u201d closer to the coast and \u201c\ufb02at highlands\u201d on the broad plains to the east."}, "geometry": {"type": "MultiPolygon", "coordinates": [[[[17.38590816, -14.802498394], [17.240077542, -14.978665043], [17.039560443, -15.11949418], [16.820814516, -15.242643033], [16.583839762, -15.295399077], [16.310407354, -15.330562397], [16.109890254, -15.295399077], [15.74531371, -15.260229854], [15.490110129, -15.172281052], [15.180220066, -15.049091245], [14.906787658, -14.961054869], [14.63335525, -14.961054869], [14.451066978, -14.978665043], [14.232321051, -14.943443248], [14.068261606, -14.802498394], [13.940659816, -14.731991537], [13.849515679, -14.731991537], [13.667227407, -14.696729544], [13.594312098, -14.626188492], [13.539625617, -14.467388382], [13.484939135, -14.290810585], [13.357337345, -14.11409406], [13.1932779, -14.025684266], [13.047447282, -13.954931876], [12.846930182, -13.760251127], [12.539999008, -13.400278091], [12.766665459, -13.192501068], [12.938331604, -12.994167328], [12.927083015, -12.856667519], [13.198054314, -12.609583855], [13.375832558, -12.590001106], [13.508054733, -12.3722229], [13.662498474, -12.169724464], [13.764165878, -11.936112404], [13.786457062, -11.715764999], [13.778888702, -11.516944885], [13.816283226, -11.303090096], [13.849443436, -10.956111908], [13.724513054, -10.765486717], [13.746386528, -10.64305687], [13.538887978, -10.423749924], [13.52972126, -10.346529007], [13.448610306, -10.196666718], [13.334374428, -9.950417519], [13.253332138, -9.775556564], [13.223470688, -9.613333702], [13.116664886, -9.301111221], [13.116664886, -9.301111221], [13.142375946, -9.33770752], [13.297319095, -9.30715694], [13.410306262, -9.210848484], [13.584922793, -9.251402628], [13.749267763, -9.32236112], [14.042007241, -9.438904425], [14.175537529, -9.484497629], [14.309067817, -9.499694018], [14.458005447, -9.489563167], [14.565856833, -9.464234729], [14.745609144, -9.398372068], [14.966447698, -9.317293134], [15.15647157, -9.236195371], [15.454346828, -9.094229456], [15.793308329, -9.048585551], [15.983332201, -9.013080731], [16.106590928, -8.99786331], [16.276071679, -8.972499521], [16.471231331, -8.947133958], [16.671526763, -8.947133958], [16.902636878, -8.91669295], [17.106531442, -8.802488978], [17.525180098, -8.642305736], [17.714247233, -8.642305736], [17.835790391, -8.655656957], [17.988389391, -8.520725568], [17.948698726, -8.73655328], [17.948698726, -8.73655328], [17.948698726, -8.73655328], [17.968544059, -8.854225048], [18.127306718, -8.991461177], [18.325760041, -9.030661983], [18.4845227, -9.050260789], [18.643285359, -9.069858528], [18.722666688, -9.148238758], [18.722666688, -9.344113495], [18.742512021, -9.579017622], [18.762357353, -9.79420382], [18.782202685, -9.970161685], [18.782202685, -10.126489023], [18.841738682, -10.243684619], [18.960810676, -10.321790987], [19.159264, -10.438914146], [19.218799997, -10.67302771], [19.218799997, -10.906961129], [19.159264, -11.199118847], [19.020346673, -11.413180982], [18.802048018, -11.665955288], [18.643285359, -11.87966175], [18.424986703, -12.093200665], [18.226533379, -12.248394839], [17.988389391, -12.384114962], [17.730400071, -12.558508491], [17.432720085, -12.771495511], [17.234266762, -12.94562437], [17.115194768, -13.158283295], [17.075504103, -13.370757856], [17.075504103, -13.370757856], [17.075504103, -13.602334779], [17.095349435, -13.775869184], [17.174730765, -14.084055894], [17.254112094, -14.372603886], [17.432720085, -14.545554612], [17.651018741, -14.737563276], [17.38590816, -14.802498394]]]]}}, {"type": "Feature", "id": "hc_25", "properties": {"src_id": "hc_25", "name": "Kalahari", "macro": "Southern Africa", "blurb": "The Kalahari sub-region includes both the Kalahari and Namib deserts, which had low populations of hunter-gatherers, such as G ana, Hai om, \u01c3Kung, Khoekhoe, Naro, and Tshu\u2013Khwe."}, "geometry": {"type": "MultiPolygon", "coordinates": [[[[18.907134508, -15.27510913], [18.893192729, -15.449876181], [18.865309173, -15.678195353], [18.767716724, -15.86603152], [18.739833167, -15.959884149], [18.739833167, -16.147457338], [18.725891388, -16.348231455], [18.684066053, -16.615609192], [18.642240718, -16.749158957], [18.502822934, -17.002645054], [18.433114042, -17.175885865], [18.433114042, -17.362271953], [18.53070649, -17.508585399], [18.614357161, -17.60163269], [18.698007831, -17.707913768], [18.781658502, -17.827404767], [18.781658502, -17.946815679], [18.642240718, -18.046263259], [18.614357161, -18.125780867], [18.628298939, -18.28470762], [18.698007831, -18.443488846], [18.767716724, -18.60212346], [18.79560028, -18.694592183], [18.921076286, -18.760610384], [19.088377627, -18.800208912], [19.213853633, -18.866185751], [19.381154974, -18.932136639], [19.534514537, -18.984878613], [19.659990542, -19.077136865], [19.799408327, -19.208845246], [19.85517544, -19.31413609], [19.910942554, -19.458800283], [20.092185673, -19.603335542], [20.189778122, -19.734618671], [20.259487014, -19.852681315], [20.398904799, -19.944447156], [20.538322583, -19.944447156], [20.831099929, -19.970656187], [21.054168384, -19.970656187], [21.26329506, -20.009961563], [21.374829288, -20.036159695], [21.458479958, -20.140908497], [21.611839521, -20.245587111], [21.737315527, -20.206340875], [21.904616868, -20.219424054], [21.960383981, -20.258666987], [22.071918209, -20.363266278], [22.183452436, -20.454732566], [22.308928442, -20.506974591], [22.448346226, -20.611405175], [22.58776401, -20.780952162], [22.713240016, -20.911243575], [22.824774243, -21.054433468], [23.075726255, -21.288446997], [23.201202261, -21.431272429], [23.256969374, -21.664685277], [23.38244538, -21.690596819], [23.480037829, -21.807141023], [23.605513835, -21.923590453], [23.703106284, -22.027021167], [23.703106284, -22.130376397], [23.717048062, -22.298166927], [23.717048062, -22.478639301], [23.717048062, -22.646010484], [23.64733917, -22.736049118], [23.591572056, -22.813177936], [23.577630278, -22.864572906], [23.535804943, -23.018641081], [23.507921386, -23.172533443], [23.507921386, -23.339050714], [23.438212494, -23.466999071], [23.256969374, -23.633146596], [23.103609812, -23.952068293], [22.936308471, -24.232068937], [22.838716022, -24.397235351], [22.8526578, -24.565356104], [22.8526578, -24.780728233], [22.880541357, -24.932531125], [22.880541357, -25.046260792], [22.824774243, -25.134644353], [22.741123573, -25.222963995], [22.699298238, -25.323822248], [22.643531124, -25.424596558], [22.58776401, -25.651030585], [22.462288004, -25.95227495], [22.462288004, -26.102609192], [22.490171561, -26.227740319], [22.50411334, -26.352736956], [22.518055118, -26.515030782], [22.518055118, -26.739367004], [22.490171561, -26.876244105], [22.378637334, -27.02537578], [22.294986663, -27.16190613], [22.281044885, -27.298269756], [22.378637334, -27.508684286], [22.476229783, -27.694010692], [22.531996897, -27.903667492], [22.50411334, -28.088322125], [22.490171561, -28.235817615], [22.462288004, -28.395374601], [22.462288004, -28.505696682], [22.573822232, -28.591423086], [22.685356459, -28.68931058], [22.685356459, -28.82375655], [22.713240016, -28.958029137], [22.741123573, -29.092127827], [22.824774243, -29.226052112], [22.838716022, -29.408394163], [22.810832465, -29.541904224], [22.685356459, -29.602532436], [22.490171561, -29.638891881], [22.32287022, -29.663124221], [22.127685322, -29.675238203], [21.820966197, -29.675238203], [21.514247072, -29.687350725], [21.165702612, -29.699461788], [20.858983486, -29.663124221], [20.426788355, -29.590409706], [20.161894565, -29.51764275], [19.924884332, -29.432681794], [19.673932321, -29.432681794], [19.548456315, -29.505509831], [19.381154974, -29.614653708], [19.311446082, -29.723679534], [19.269620747, -29.759995196], [19.24173719, -29.893039988], [19.255678968, -30.062113147], [19.24173719, -30.170650868], [19.185970076, -30.303145916], [19.102319406, -30.411417969], [19.004726957, -30.519570061], [18.962901621, -30.62760194], [18.893192729, -30.747496066], [18.893192729, -30.927057663], [18.851367394, -31.094344894], [18.698007831, -31.177878295], [18.586473604, -31.201731462], [18.419172263, -31.249419756], [18.18216203, -31.344724103], [17.933052063, -31.387779236], [17.887775421, -31.330833435], [17.804304123, -31.218612671], [17.725830078, -31.090557098], [17.615276337, -30.933612823], [17.482219696, -30.695835114], [17.419998169, -30.558055878], [17.277914047, -30.342292786], [17.181110382, -30.070556641], [17.118471146, -29.922779083], [17.086109161, -29.840278625], [17.058887482, -29.717781067], [17.001386642, -29.519723892], [16.910831451, -29.333335876], [16.834442139, -29.156669617], [16.818330765, -29.09437561], [16.667219162, -28.902223587], [16.614721298, -28.876461029], [16.533054352, -28.698059082], [16.483329773, -28.608333588], [16.354442596, -28.562778473], [16.171943665, -28.399169922], [16.049720764, -28.266391754], [15.898611069, -28.162780762], [15.736110687, -28.011112213], [15.671387672, -27.873474121], [15.605554581, -27.797502518], [15.552499771, -27.754447937], [15.519165039, -27.626945496], [15.399166107, -27.455001831], [15.264373779, -27.214723587], [15.235277176, -26.969444275], [15.179164886, -26.918334961], [15.112499237, -26.783889771], [15.079721451, -26.650001526], [15.136804581, -26.674654007], [15.171804428, -26.601667404], [15.047498703, -26.375], [14.959165573, -26.308055878], [14.974304199, -26.130208969], [14.969444275, -26.014167786], [14.915276527, -25.936807632], [14.83430481, -25.741947174], [14.880901337, -25.567293167], [14.840970993, -25.418613434], [14.800971031, -25.280420303], [14.834165573, -25.1875], [14.856665611, -25.058889389], [14.801109314, -24.956668854], [14.779304504, -24.804029465], [14.729442596, -24.714029312], [14.606804848, -24.57875061], [14.619304657, -24.48680687], [14.570833206, -24.359725952], [14.488332748, -24.199447632], [14.462637901, -24.103336334], [14.460067749, -23.958612442], [14.510276794, -23.826389313], [14.494999886, -23.582780838], [14.434305191, -23.414585114], [14.498054504, -23.324308395], [14.482777596, -23.239585876], [14.461387634, -23.166389465], [14.431110382, -23.099445343], [14.444721222, -22.96055603], [14.462360382, -22.997014999], [14.53499794, -22.881599426], [14.539025307, -22.801807404], [14.524582863, -22.629030228], [14.511388779, -22.552780151], [14.387638092, -22.283473969], [14.285831451, -22.123336792], [14.042499542, -21.862224579], [13.952672005, -21.77889061], [13.935555458, -21.674446106], [13.865970612, -21.548891068], [13.779165268, -21.394168854], [13.576944351, -21.129169464], [13.403887749, -20.862363815], [13.369443893, -20.703891754], [13.316200031, -20.57499882], [13.252637863, -20.469306946], [13.238887787, -20.373058319], [13.174999237, -20.180835724], [13.084444046, -20.099445343], [13.030277252, -20.001392365], [12.944442749, -19.823890686], [12.811943054, -19.598335266], [12.773336411, -19.539093018], [12.63999939, -19.261669159], [12.542221069, -19.067779541], [12.418748856, -18.866529465], [12.19666481, -18.626945496], [12.083054543, -18.535556793], [11.997499466, -18.374305725], [11.892359734, -18.180557251], [11.807221413, -18.086252213], [11.741943359, -17.830280304], [11.716665268, -17.564167023], [11.752782822, -17.254833221], [11.771944046, -16.965835571], [11.812498093, -16.791389465], [11.820833206, -16.503055573], [11.794166565, -16.241947174], [11.805555344, -16.024585724], [11.741249084, -15.878751755], [11.857498169, -15.787918091], [12.005970955, -15.596529007], [12.030277252, -15.401945114], [12.057498932, -15.218334198], [12.106109619, -15.114168167], [12.159166336, -14.988611221], [12.205275536, -14.877779007], [12.273610115, -14.752362251], [12.28222084, -14.637500763], [12.332221985, -14.424167633], [12.347776413, -14.307500839], [12.34159565, -14.260000229], [12.317290306, -14.190000534], [12.332221985, -14.10500145], [12.40860939, -13.950555801], [12.504582405, -13.844446182], [12.535970688, -13.57763958], [12.539999008, -13.400278091], [12.846930182, -13.760251127], [13.047447282, -13.954931876], [13.1932779, -14.025684266], [13.357337345, -14.11409406], [13.484939135, -14.290810585], [13.539625617, -14.467388382], [13.594312098, -14.626188492], [13.667227407, -14.696729544], [13.849515679, -14.731991537], [13.940659816, -14.731991537], [14.068261606, -14.802498394], [14.232321051, -14.943443248], [14.451066978, -14.978665043], [14.63335525, -14.961054869], [14.906787658, -14.961054869], [15.180220066, -15.049091245], [15.490110129, -15.172281052], [15.74531371, -15.260229854], [16.109890254, -15.295399077], [16.310407354, -15.330562397], [16.583839762, -15.295399077], [16.820814516, -15.242643033], [17.039560443, -15.11949418], [17.240077542, -14.978665043], [17.38590816, -14.802498394], [17.651018741, -14.737563276], [18.067770721, -14.87186884], [18.385296038, -14.967750272], [18.643285359, -15.025258567], [18.802048018, -15.063588828], [18.940965344, -15.082751372], [18.907134508, -15.27510913]]]]}}, {"type": "Feature", "id": "hc_26", "properties": {"src_id": "hc_26", "name": "South Central", "macro": "Southern Africa", "blurb": "South Central is the Zimbabwe plateau and mostly consists of wide-open grasslands. The Highveld constitutes the other major geographic feature of this area and is separated from the southeast by the Drakensberg Mountains."}, "geometry": {"type": "MultiPolygon", "coordinates": [[[[35.878883362, -18.975002289], [35.748603821, -19.065834045], [35.656105042, -19.152500153], [35.57611084, -19.271389008], [35.447147369, -19.419029236], [35.291664124, -19.560836792], [35.112220764, -19.716945648], [35.014168092, -19.780464597], [34.89068985, -19.86041832], [34.812702179, -19.778404236], [34.683883667, -19.738958359], [34.776103973, -19.825904846], [34.752494812, -20.069446564], [34.759437561, -20.180557251], [34.666938782, -20.391181946], [34.739299774, -20.557781219], [34.871109009, -20.656669617], [34.983604431, -20.723335266], [35.008888245, -20.806945801], [35.074440002, -20.913059235], [35.117912292, -20.974445343], [34.869313018, -21.127320599], [34.632772247, -21.182470561], [34.514501861, -21.215550671], [34.408058514, -21.292708752], [34.266134051, -21.369826357], [34.11238255, -21.380839847], [33.934976971, -21.391852508], [33.828533624, -21.457911051], [33.627473968, -21.468917901], [33.438241351, -21.468917901], [33.343625043, -21.501933461], [33.154392426, -21.578940611], [32.95333277, -21.600935144], [32.78775423, -21.589938295], [32.657656806, -21.567942092], [32.515732343, -21.523939672], [32.397461957, -21.578940611], [32.149094147, -21.688879825], [32.030823762, -21.787753448], [31.95986153, -21.952391241], [31.888899299, -22.051082569], [31.746974836, -22.116838574], [31.62870445, -22.248258548], [31.581396296, -22.445157338], [31.522261103, -22.630861046], [31.451298872, -22.849015058], [31.427644795, -23.034171325], [31.451298872, -23.142968201], [31.534088142, -23.284272188], [31.54591518, -23.501370165], [31.534088142, -23.750591205], [31.593223335, -23.937194756], [31.605050373, -24.066847129], [31.569569257, -24.164000534], [31.474952949, -24.293423483], [31.46312591, -24.530356131], [31.46312591, -24.702390649], [31.46312591, -24.863457533], [31.46312591, -25.056461098], [31.486779987, -25.206365265], [31.54591518, -25.366772245], [31.605050373, -25.505619663], [31.664185566, -25.601650905], [31.758801875, -25.77218271], [31.817937067, -25.899921037], [31.888899299, -26.080647092], [31.936207453, -26.218661458], [31.95986153, -26.388300745], [31.936207453, -26.589424118], [31.924380414, -26.726831711], [31.900726337, -26.864073573], [31.841591145, -27.011686484], [31.770628913, -27.169628301], [31.640531489, -27.306330738], [31.581396296, -27.390371758], [31.451298872, -27.442864993], [31.321201447, -27.48484161], [31.238412177, -27.537289889], [31.191104023, -27.694484475], [31.191104023, -27.809616889], [31.191104023, -27.93507685], [31.096487715, -28.102130387], [30.96639029, -28.206407039], [30.777157673, -28.237670216], [30.623406172, -28.300169089], [30.576098018, -28.362631275], [30.469654671, -28.497839905], [30.339557246, -28.664012975], [30.256767976, -28.829922996], [30.150324629, -28.985223877], [30.079362398, -29.119629658], [30.008400166, -29.181603967], [29.795513472, -29.191929382], [29.606280855, -29.181603967], [29.452529354, -29.119629658], [29.286950814, -29.036939133], [29.180507467, -28.954182303], [29.062237081, -28.861001762], [28.955793734, -28.840283617], [28.849350387, -28.829922996], [28.754734078, -28.715888159], [28.624636654, -28.632875531], [28.482712191, -28.612112101], [28.293479574, -28.684766133], [28.104246957, -28.747000927], [27.938668417, -28.809198662], [27.820398031, -28.954182303], [27.595684298, -29.140291915], [27.406451681, -29.212577095], [27.16991091, -29.326065105], [27.063467563, -29.377608883], [26.897889023, -29.356994501], [26.75596456, -29.264178172], [26.578558981, -29.181603967], [26.436634519, -29.109296972], [26.306537094, -29.005913085], [26.247401901, -28.933482749], [26.129131516, -28.892071239], [25.975380014, -28.923131421], [25.833455552, -28.943833043], [25.67970405, -28.954182303], [25.478644395, -28.954182303], [25.313065855, -28.933482749], [25.159314353, -28.923131421], [25.064698045, -28.861001762], [24.946427659, -28.819561345], [24.828157273, -28.892071239], [24.662578733, -28.943833043], [24.544308348, -28.943833043], [24.437865, -28.933482749], [24.35507573, -28.902425666], [24.284113499, -28.881715779], [24.201324229, -28.861001762], [24.083053843, -28.861001762], [23.964783458, -28.871359287], [23.893821226, -28.809198662], [23.787377879, -28.892071239], [23.669107493, -28.943833043], [23.479874876, -29.026598153], [23.302469298, -29.026598153], [23.148717796, -29.026598153], [23.018620372, -29.005913085], [22.912177025, -29.005913085], [22.713240016, -28.958029137], [22.685356459, -28.82375655], [22.685356459, -28.68931058], [22.573822232, -28.591423086], [22.462288004, -28.505696682], [22.462288004, -28.395374601], [22.490171561, -28.235817615], [22.50411334, -28.088322125], [22.531996897, -27.903667492], [22.531996897, -27.903667492], [22.521884752, -27.799155338], [22.476229783, -27.694010692], [22.378637334, -27.508684286], [22.281044885, -27.298269756], [22.294986663, -27.16190613], [22.378637334, -27.02537578], [22.490171561, -26.876244105], [22.518055118, -26.739367004], [22.518055118, -26.515030782], [22.50411334, -26.352736956], [22.490171561, -26.227740319], [22.462288004, -26.102609192], [22.462288004, -25.95227495], [22.533711791, -25.814777471], [22.58776401, -25.651030585], [22.643531124, -25.424596558], [22.699298238, -25.323822248], [22.741123573, -25.222963995], [22.824774243, -25.134644353], [22.880541357, -25.046260792], [22.880541357, -24.932531125], [22.8526578, -24.780728233], [22.8526578, -24.565356104], [22.838716022, -24.397235351], [22.936308471, -24.232068937], [23.103609812, -23.952068293], [23.103609812, -23.952068293], [23.256969374, -23.633146596], [23.438212494, -23.466999071], [23.507921386, -23.339050714], [23.507921386, -23.172533443], [23.535804943, -23.018641081], [23.577630278, -22.864572906], [23.64733917, -22.736049118], [23.717048062, -22.646010484], [23.717048062, -22.646010484], [23.717048062, -22.478639301], [23.717048062, -22.298166927], [23.703106284, -22.027021167], [23.605513835, -21.923590453], [23.480037829, -21.807141023], [23.38244538, -21.690596819], [23.256969374, -21.664685277], [23.201202261, -21.431272429], [23.075726255, -21.288446997], [22.824774243, -21.054433468], [22.713240016, -20.911243575], [22.58776401, -20.780952162], [22.448346226, -20.611405175], [22.308928442, -20.506974591], [22.183452436, -20.454732566], [22.071918209, -20.363266278], [21.960383981, -20.258666987], [21.904616868, -20.219424054], [21.737315527, -20.206340875], [21.611839521, -20.245587111], [21.458479958, -20.140908497], [21.374829288, -20.036159695], [21.26329506, -20.009961563], [21.054168384, -19.970656187], [20.831099929, -19.970656187], [20.538322583, -19.944447156], [20.398904799, -19.944447156], [20.259487014, -19.852681315], [20.189778122, -19.734618671], [20.092185673, -19.603335542], [19.910942554, -19.458800283], [19.85517544, -19.31413609], [19.799408327, -19.208845246], [19.659990542, -19.077136865], [19.534514537, -18.984878613], [19.381154974, -18.932136639], [19.213853633, -18.866185751], [19.088377627, -18.800208912], [18.921076286, -18.760610384], [18.79560028, -18.694592183], [18.767716724, -18.60212346], [18.698007831, -18.443488846], [18.628298939, -18.28470762], [18.614357161, -18.125780867], [18.642240718, -18.046263259], [18.781658502, -17.946815679], [18.781658502, -17.827404767], [18.698007831, -17.707913768], [18.614357161, -17.60163269], [18.53070649, -17.508585399], [18.433114042, -17.362271953], [18.433114042, -17.175885865], [18.502822934, -17.002645054], [18.642240718, -16.749158957], [18.684066053, -16.615609192], [18.713578333, -16.476991634], [18.725891388, -16.348231455], [18.739833167, -16.147457338], [18.739833167, -15.959884149], [18.767716724, -15.86603152], [18.865309173, -15.678195353], [18.893192729, -15.449876181], [18.907134508, -15.27510913], [18.940965344, -15.082751372], [19.079882671, -14.737563276], [19.179109332, -14.526344522], [19.357717323, -14.468704245], [19.536325315, -14.372603886], [19.714933306, -14.391827272], [19.853850632, -14.430269076], [20.072149288, -14.564763031], [20.330138609, -14.814319503], [20.449210603, -14.948577408], [20.528591932, -15.063588828], [20.786581253, -15.044424559], [20.985034576, -15.082751372], [21.1834879, -15.159384257], [21.401786556, -15.255136312], [21.52085855, -15.350844745], [21.620085212, -15.523009209], [21.937610529, -15.924165491], [22.235290515, -16.305475818], [22.453589171, -16.5909732], [22.711578491, -16.838062156], [22.989413144, -17.160691879], [23.227557132, -17.350213057], [23.54508245, -17.520614885], [23.803071771, -17.653039202], [24.100751756, -17.653039202], [24.596885065, -17.653039202], [24.993791712, -17.671949031], [25.291471697, -17.653039202], [25.509770353, -17.690856872], [25.926522332, -17.690856872], [26.24404765, -17.690856872], [26.24404765, -17.690856872], [26.541727635, -17.596297804], [26.91878895, -17.350213057], [27.081720303, -17.153031532], [27.216468935, -16.989957082], [27.28005894, -16.874986635], [27.395076927, -16.667034623], [27.653066247, -16.438760187], [27.9309009, -16.17210069], [28.208735553, -15.943248365], [28.546106203, -15.733237327], [28.962858182, -15.561248532], [29.201002171, -15.484762797], [29.379610162, -15.446509309], [29.597908818, -15.465636936], [29.816207474, -15.542129758], [30.113887459, -15.637705846], [30.451258109, -15.675923805], [30.729092762, -15.695030103], [30.947391418, -15.733237327], [31.245071403, -15.733237327], [31.522906056, -15.714134611], [31.800740709, -15.695030103], [32.118266027, -15.695030103], [32.296874018, -15.695030103], [32.475482009, -15.733237327], [32.713625997, -15.771437374], [33.032218647, -15.788105361], [33.332858791, -15.950770137], [33.483178862, -16.149403416], [33.70865897, -16.347837492], [33.896559059, -16.492026819], [34.140829176, -16.636108797], [34.403889301, -16.726105149], [34.535419364, -16.762091813], [34.666949427, -16.852028665], [34.77968948, -16.941922774], [34.892429534, -17.10362382], [35.005169588, -17.265184563], [35.155489659, -17.408675388], [35.211859686, -17.623700272], [35.305809731, -17.83846911], [35.474919812, -17.910001355], [35.606449874, -18.088705527], [35.700399919, -18.213690326], [35.813139973, -18.356420294], [35.944670036, -18.499032381], [36.057410089, -18.605913615], [36.12305069, -18.802501678], [36.130667416, -18.807720749], [36.13104248, -18.808753967], [35.878883362, -18.975002289]]]]}}, {"type": "Feature", "id": "hc_27", "properties": {"src_id": "hc_27", "name": "Southeast", "macro": "Southern Africa", "blurb": "Southeast refers to the coastal belt from Sofala Bay south to Maputo Bay, formerly known as Delagoa Bay or Louren\u00e7o Marques, and separated from the Highveld in the interior by the Drakensberg Mountains."}, "geometry": {"type": "MultiPolygon", "coordinates": [[[[35.082492828, -21.087223053], [35.05027771, -21.09777832], [35.079162598, -21.324169159], [35.137496948, -21.431667328], [35.183883667, -21.516670227], [35.228191376, -21.569446564], [35.269649506, -21.648612976], [35.26361084, -21.711669922], [35.276733398, -21.819236755], [35.300827026, -21.883613586], [35.329994202, -21.993335724], [35.337493896, -22.074447632], [35.338191986, -22.103889465], [35.326938629, -22.23402977], [35.309860229, -22.310558319], [35.306732178, -22.407501221], [35.371665955, -22.466114044], [35.409439087, -22.414169312], [35.3893013, -22.298751831], [35.418609619, -22.171112061], [35.480552673, -22.0958004], [35.545272827, -22.232501984], [35.542770386, -22.390556335], [35.52374649, -22.477085114], [35.491939545, -22.570280075], [35.485832214, -22.629169464], [35.504440308, -22.83416748], [35.522357941, -22.915279388], [35.597267151, -22.919672012], [35.563331604, -23.015277863], [35.519165039, -23.083057404], [35.479789734, -23.178474426], [35.486381531, -23.249307632], [35.480552673, -23.312223434], [35.454162598, -23.380836487], [35.421104431, -23.489444733], [35.408332825, -23.612224579], [35.406944275, -23.656112671], [35.347770691, -23.695278168], [35.33833313, -23.905834198], [35.33972168, -23.96944809], [35.376319885, -23.85798645], [35.439720154, -23.878612518], [35.489997864, -23.792919159], [35.522911072, -23.795488358], [35.539787292, -23.873056412], [35.501663208, -23.966667175], [35.485137939, -24.076946259], [35.495552063, -24.102222443], [35.456108093, -24.169445038], [35.38999939, -24.266113281], [35.309440613, -24.365837097], [35.192359924, -24.490280151], [35.185482025, -24.522222519], [35.143882751, -24.57000351], [35.078887939, -24.615837097], [34.971382141, -24.674446106], [34.812774658, -24.743335724], [34.48260498, -24.856056213], [34.108055115, -24.986946106], [33.917648333, -25.045226061], [33.722637177, -25.10902977], [33.365829468, -25.265003204], [33.222080231, -25.340696335], [33.048606873, -25.430557251], [32.903610229, -25.52305603], [32.811107635, -25.612085342], [32.738609314, -25.775558472], [32.693881989, -25.874097824], [32.606666565, -25.962223053], [32.603881836, -26.031391144], [32.723052979, -26.179447174], [32.806526184, -26.275279999], [32.873298645, -26.272418976], [32.864162445, -26.209306717], [32.893325806, -26.126667023], [32.936943054, -26.198890686], [32.927772522, -26.353614807], [32.902496338, -26.715278625], [32.890426636, -26.847145081], [32.871940613, -26.971389771], [32.841659546, -27.11000061], [32.747497559, -27.353336334], [32.729721069, -27.397781372], [32.709442139, -27.440555573], [32.673881531, -27.515834808], [32.631385803, -27.6847229], [32.626663208, -27.706947327], [32.601161696, -27.828876696], [32.595344543, -27.929655075], [32.564720154, -28.114723206], [32.530414581, -28.205001831], [32.459159851, -28.317222595], [32.432220459, -28.378055573], [32.394439697, -28.531391144], [32.276664734, -28.646114349], [32.189994812, -28.721946716], [32.018608093, -28.862503052], [31.896663666, -28.924167633], [31.86277771, -28.936946869], [31.774166107, -28.945556641], [31.668609619, -29.054168701], [31.451942444, -29.268890381], [31.325832367, -29.390834808], [31.274509148, -29.448845682], [31.209720612, -29.53527832], [31.142498016, -29.639724731], [31.117774963, -29.679447174], [31.043759184, -29.811725937], [31.000137329, -29.899307251], [31.035137177, -29.925001144], [30.972499847, -29.980834961], [30.918331146, -30.020418167], [30.840414047, -30.129030228], [30.752498627, -30.299446106], [30.709999084, -30.364723206], [30.633331299, -30.475280762], [30.592774973, -30.536924519], [30.476387024, -30.713611603], [30.38999939, -30.856668472], [30.258066102, -31.008381364], [30.099371795, -31.193233433], [30.000831604, -31.302780151], [29.894720078, -31.390695572], [29.799165726, -31.431808472], [29.773330688, -31.440418243], [29.68985939, -31.523197174], [29.545829773, -31.634166718], [29.444911666, -31.511727801], [29.367802194, -31.428023332], [29.318732529, -31.284356012], [29.318732529, -31.116467098], [29.339762385, -31.002373001], [29.360792242, -30.900172936], [29.444911666, -30.815926157], [29.486971378, -30.731605423], [29.52903109, -30.65324148], [29.585110707, -30.59291826], [29.641190323, -30.423813497], [29.613150515, -30.260470112], [29.655210227, -30.157484606], [29.690259987, -30.030118594], [29.690259987, -29.939042516], [29.711289843, -29.878278757], [29.781389364, -29.732294677], [29.83746898, -29.640946551], [29.914578453, -29.567808321], [29.921588405, -29.512919859], [29.956638165, -29.378622757], [30.033747637, -29.299181937], [30.008400166, -29.181603967], [30.079362398, -29.119629658], [30.150324629, -28.985223877], [30.256767976, -28.829922996], [30.339557246, -28.664012975], [30.469654671, -28.497839905], [30.576098018, -28.362631275], [30.623406172, -28.300169089], [30.777157673, -28.237670216], [30.96639029, -28.206407039], [31.096487715, -28.102130387], [31.191104023, -27.93507685], [31.191104023, -27.809616889], [31.191104023, -27.694484475], [31.238412177, -27.537289889], [31.321201447, -27.48484161], [31.451298872, -27.442864993], [31.581396296, -27.390371758], [31.640531489, -27.306330738], [31.770628913, -27.169628301], [31.841591145, -27.011686484], [31.900726337, -26.864073573], [31.924380414, -26.726831711], [31.936207453, -26.589424118], [31.95986153, -26.388300745], [31.936207453, -26.218661458], [31.888899299, -26.080647092], [31.817937067, -25.899921037], [31.758801875, -25.77218271], [31.664185566, -25.601650905], [31.605050373, -25.505619663], [31.589956989, -25.439073537], [31.54591518, -25.366772245], [31.486779987, -25.206365265], [31.46312591, -25.056461098], [31.46312591, -24.863457533], [31.46312591, -24.702390649], [31.46312591, -24.530356131], [31.474952949, -24.293423483], [31.569569257, -24.164000534], [31.605050373, -24.066847129], [31.593223335, -23.937194756], [31.534088142, -23.750591205], [31.54591518, -23.501370165], [31.534088142, -23.284272188], [31.451298872, -23.142968201], [31.427644795, -23.034171325], [31.451298872, -22.849015058], [31.522261103, -22.630861046], [31.581396296, -22.445157338], [31.62870445, -22.248258548], [31.746974836, -22.116838574], [31.888899299, -22.051082569], [31.95986153, -21.952391241], [32.030823762, -21.787753448], [32.149094147, -21.688879825], [32.397461957, -21.578940611], [32.515732343, -21.523939672], [32.657656806, -21.567942092], [32.78775423, -21.589938295], [32.95333277, -21.600935144], [32.95333277, -21.600935144], [33.154392426, -21.578940611], [33.343625043, -21.501933461], [33.438241351, -21.468917901], [33.627473968, -21.468917901], [33.828533624, -21.457911051], [33.934976971, -21.391852508], [34.11238255, -21.380839847], [34.266134051, -21.369826357], [34.408058514, -21.292708752], [34.514501861, -21.215550671], [34.632772247, -21.182470561], [34.869313018, -21.127320599], [35.117912292, -20.974445343], [35.082492828, -21.087223053]]]]}}, {"type": "Feature", "id": "hc_28", "properties": {"src_id": "hc_28", "name": "Southern Grasslands", "macro": "Southern Africa", "blurb": "Southern Grasslands extends from the Cape of Good Hope, along the coast and inland east of the Kalahari Desert. It included many of the Khoisan speaking areas from the Cape to the Nguni region, and Mpondo. The Xhosa used to be called the \u201cSouthern Nguni.\u201d"}, "geometry": {"type": "MultiPolygon", "coordinates": [[[[29.526943207, -31.645835876], [29.411941528, -31.704170227], [29.320552826, -31.802501678], [29.243610382, -31.899723053], [29.091663361, -32.064445496], [28.779163361, -32.341949463], [28.5652771, -32.530281067], [28.354999542, -32.703197479], [28.228054047, -32.767501831], [28.105554581, -32.864311218], [28.078054428, -32.902225494], [27.899997711, -33.040557861], [27.7302742, -33.117500305], [27.606109619, -33.21194458], [27.351108551, -33.369728088], [27.100969315, -33.525699615], [26.988470078, -33.572921753], [26.889163971, -33.603889465], [26.731666565, -33.654449463], [26.53055191, -33.753334045], [26.460136414, -33.772293091], [26.277914047, -33.765144348], [26.105552673, -33.719726562], [25.88999939, -33.718894958], [25.724998474, -33.767227173], [25.628608704, -33.851394653], [25.649997711, -33.973197937], [25.701942444, -34.031951904], [25.584442139, -34.04888916], [25.43680191, -34.034862518], [25.312082291, -33.995700836], [25.164165497, -33.958892822], [24.986663818, -33.976669312], [24.918331146, -34.007923126], [24.919303894, -34.066879272], [24.824718475, -34.201667786], [24.654998779, -34.169723511], [24.515830994, -34.170280457], [24.385555267, -34.107223511], [24.043888092, -34.046951294], [23.818482866, -34.00975903], [23.61555481, -33.984451294], [23.451942444, -34.008056641], [23.366178513, -34.090904236], [23.240833282, -34.093612671], [23.067218781, -34.083892822], [22.959442139, -34.091392517], [22.81246376, -34.046600342], [22.783332825, -34.011116028], [22.539163589, -34.011184692], [22.43888855, -34.064170837], [22.364164352, -34.061950684], [22.20111084, -34.077224731], [22.116943359, -34.135559082], [21.943885803, -34.23028183], [21.916664124, -34.258892059], [21.899581909, -34.337779999], [21.725553513, -34.396949768], [21.60833168, -34.377918243], [21.496944427, -34.360282898], [21.371944427, -34.416946411], [21.166110992, -34.396392822], [20.965553284, -34.360839844], [20.88694191, -34.371673584], [20.798610687, -34.458618164], [20.662467957, -34.440818787], [20.504444122, -34.464729309], [20.393886566, -34.554447174], [20.185832977, -34.676673889], [20.047496796, -34.774169922], [19.879997253, -34.761947632], [19.678052902, -34.761631012], [19.541942596, -34.708614349], [19.423610687, -34.621948242], [19.320413589, -34.595283508], [19.364025116, -34.530696869], [19.307638168, -34.428058624], [19.21367836, -34.426460266], [19.083332062, -34.346389771], [18.851387024, -34.378059387], [18.828052521, -34.279449463], [18.854579926, -34.153335571], [18.823471069, -34.107154846], [18.60194397, -34.073616028], [18.485969543, -34.099445343], [18.485027313, -34.348308563], [18.380275726, -34.255836487], [18.351676073, -34.165547219], [18.310554504, -34.035556793], [18.415138245, -33.90278244], [18.466663361, -33.817222595], [18.439025879, -33.701950073], [18.308887482, -33.485004425], [18.248886108, -33.415840149], [18.160552979, -33.341117859], [18.107776642, -33.250556946], [18.127637863, -33.180278778], [18.028001785, -33.026000977], [17.876110077, -33.000839233], [17.847499847, -32.830833435], [17.902774811, -32.774169922], [17.986387253, -32.732784271], [18.037776947, -32.768058777], [18.11356163, -32.78087616], [18.261247635, -32.670700073], [18.308609009, -32.585697174], [18.333747864, -32.487781525], [18.349859238, -32.288406372], [18.311943054, -32.147224426], [18.271663666, -31.950557709], [18.279094696, -31.902986526], [18.217914581, -31.734584808], [18.17805481, -31.670557022], [18.114440918, -31.59444809], [17.933052063, -31.387779236], [18.18216203, -31.344724103], [18.419172263, -31.249419756], [18.586473604, -31.201731462], [18.698007831, -31.177878295], [18.851367394, -31.094344894], [18.893192729, -30.927057663], [18.893192729, -30.747496066], [18.962901621, -30.62760194], [19.004726957, -30.519570061], [19.102319406, -30.411417969], [19.185970076, -30.303145916], [19.24173719, -30.170650868], [19.255678968, -30.062113147], [19.24173719, -29.893039988], [19.311446082, -29.723679534], [19.381154974, -29.614653708], [19.548456315, -29.505509831], [19.673932321, -29.432681794], [19.924884332, -29.432681794], [20.161894565, -29.51764275], [20.426788355, -29.590409706], [20.858983486, -29.663124221], [21.165702612, -29.699461788], [21.514247072, -29.687350725], [21.820966197, -29.675238203], [22.127685322, -29.675238203], [22.32287022, -29.663124221], [22.490171561, -29.638891881], [22.685356459, -29.602532436], [22.810832465, -29.541904224], [22.838716022, -29.408394163], [22.824774243, -29.226052112], [22.741123573, -29.092127827], [22.713240016, -28.958029137], [22.912177025, -29.005913085], [23.018620372, -29.005913085], [23.148717796, -29.026598153], [23.302469298, -29.026598153], [23.479874876, -29.026598153], [23.669107493, -28.943833043], [23.787377879, -28.892071239], [23.893821226, -28.809198662], [23.964783458, -28.871359287], [24.083053843, -28.861001762], [24.284113499, -28.881715779], [24.284113499, -28.881715779], [24.35507573, -28.902425666], [24.437865, -28.933482749], [24.544308348, -28.943833043], [24.662578733, -28.943833043], [24.828157273, -28.892071239], [24.946427659, -28.819561345], [25.064698045, -28.861001762], [25.159314353, -28.923131421], [25.313065855, -28.933482749], [25.478644395, -28.954182303], [25.478644395, -28.954182303], [25.67970405, -28.954182303], [25.833455552, -28.943833043], [25.975380014, -28.923131421], [26.129131516, -28.892071239], [26.247401901, -28.933482749], [26.306537094, -29.005913085], [26.436634519, -29.109296972], [26.578558981, -29.181603967], [26.649516331, -29.214631377], [26.75596456, -29.264178172], [26.809186233, -29.298984295], [26.897889023, -29.356994501], [27.063467563, -29.377608883], [27.16991091, -29.326065105], [27.406451681, -29.212577095], [27.595684298, -29.140291915], [27.820398031, -28.954182303], [27.938668417, -28.809198662], [28.104246957, -28.747000927], [28.293479574, -28.684766133], [28.482712191, -28.612112101], [28.624636654, -28.632875531], [28.754734078, -28.715888159], [28.849350387, -28.829922996], [28.955793734, -28.840283617], [29.062237081, -28.861001762], [29.180507467, -28.954182303], [29.286950814, -29.036939133], [29.452529354, -29.119629658], [29.606280855, -29.181603967], [29.795513472, -29.191929382], [30.008400166, -29.181603967], [30.033747637, -29.299181937], [29.956638165, -29.378622757], [29.921588405, -29.512919859], [29.914578453, -29.567808321], [29.83746898, -29.640946551], [29.781389364, -29.732294677], [29.711289843, -29.878278757], [29.690259987, -29.939042516], [29.690259987, -30.030118594], [29.655210227, -30.157484606], [29.613150515, -30.260470112], [29.641190323, -30.423813497], [29.585110707, -30.59291826], [29.52903109, -30.65324148], [29.486971378, -30.731605423], [29.444911666, -30.815926157], [29.360792242, -30.900172936], [29.339762385, -31.002373001], [29.318732529, -31.116467098], [29.318732529, -31.284356012], [29.318732529, -31.284356012], [29.367802194, -31.428023332], [29.444911666, -31.511727801], [29.545829773, -31.634166718], [29.526943207, -31.645835876]]]]}}, {"type": "Feature", "id": "hc_29", "properties": {"src_id": "hc_29", "name": "Madagascar", "macro": "East Africa", "blurb": "Madagascar was both a source and destination for enslaved captives of diverse cultures. It is grouped into East Africa due to the nature of trade across the Mozambique Channel and into the Indian Ocean world."}, "geometry": {"type": "MultiPolygon", "coordinates": [[[[49.844493035, -17.072198175], [49.857269727, -16.919691665], [50.024099155, -16.690362238], [49.957367384, -16.864027602], [49.844493035, -17.072198175]]], [[[48.323741082, -13.251885675], [48.36622155, -13.400648696], [48.215993686, -13.39462656], [48.188731316, -13.264255467], [48.276866082, -13.264255467], [48.280446811, -13.196384373], [48.323741082, -13.251885675]]], [[[49.351735873, -12.090508722], [49.373057488, -12.198174738], [49.263845248, -12.140232029], [49.229665561, -12.222100519], [49.349375847, -12.298516534], [49.381358269, -12.222832941], [49.456228061, -12.373467706], [49.539398634, -12.378187758], [49.490407748, -12.406996352], [49.558604363, -12.420668227], [49.586436394, -12.482028904], [49.562510613, -12.627862238], [49.653330925, -12.694756769], [49.654795769, -12.804864191], [49.744151238, -12.743422133], [49.942149285, -13.033868097], [49.942149285, -13.219496352], [49.976898634, -13.346123956], [50.032888217, -13.360528253], [50.142914259, -13.783135675], [50.164235873, -14.223077081], [50.212901238, -14.287204685], [50.189219597, -14.439141534], [50.24089603, -14.705987238], [50.20972741, -14.750664972], [50.490000847, -15.219496352], [50.48340905, -15.443454685], [50.336761915, -15.811293227], [50.230153842, -15.970961196], [50.168142123, -15.984633071], [49.970225457, -15.718031508], [49.90113366, -15.422295831], [49.71778405, -15.446709894], [49.638438347, -15.544610284], [49.733734571, -15.905694269], [49.689789259, -16.086846613], [49.849864129, -16.240817967], [49.854014519, -16.539646092], [49.724945509, -16.75400156], [49.840342644, -16.827569269], [49.60840905, -16.896579685], [49.431325717, -17.283868097], [49.509613477, -17.727715753], [49.413910352, -18.067071222], [49.440765821, -18.154229425], [49.07691491, -19.065606378], [48.791351759, -19.993096613], [48.750498894, -19.965752863], [48.781748894, -20.037204685], [48.562266472, -20.577080988], [48.20183353, -21.796156508], [47.900645379, -22.481133722], [47.738047722, -23.255466404], [47.619476759, -23.590590102], [47.59652754, -23.563164972], [47.574961785, -23.598728123], [47.6201278, -23.64039479], [47.568695509, -23.852634373], [47.370778842, -24.270114842], [47.324717644, -24.26962656], [47.312266472, -24.485935154], [47.128916863, -24.844903253], [47.126149936, -24.934340102], [47.105642123, -24.879164321], [47.087250196, -24.968357029], [46.769786004, -25.153497003], [46.237640821, -25.198174738], [45.774180535, -25.408135675], [45.56120853, -25.559991144], [45.145518425, -25.595391534], [45.118174675, -25.529554946], [44.83472741, -25.344008071], [44.369476759, -25.256768488], [44.296397332, -25.153497003], [44.384043816, -25.220879816], [44.40495853, -25.188164972], [44.028819207, -24.998955988], [43.918304884, -24.74195729], [43.918304884, -24.619073175], [43.672862175, -24.334893488], [43.665212436, -23.878594659], [43.624766472, -23.761895441], [43.641612175, -23.638929946], [43.748301629, -23.57008229], [43.761241082, -23.463799738], [43.631032748, -23.344821873], [43.583181186, -23.075860284], [43.361175977, -22.843194269], [43.222911004, -22.254815363], [43.301768425, -22.21884531], [43.246836785, -22.0350888], [43.302093946, -21.864434503], [43.308848504, -21.932061456], [43.329274936, -21.905043227], [43.336192254, -21.768812758], [43.431488477, -21.662286066], [43.472666863, -21.672051691], [43.507497592, -21.309502863], [43.734629754, -21.281670831], [43.812754754, -21.224297784], [43.901540561, -20.88290781], [44.036387566, -20.725518488], [44.125824415, -20.498304946], [44.254730665, -20.376071873], [44.479014519, -19.955661717], [44.471853061, -19.879489842], [44.370860222, -19.774021092], [44.479746941, -19.483982029], [44.234385613, -19.088799738], [44.257334832, -18.803887628], [44.185883009, -18.610772394], [44.04965254, -18.426527602], [44.000987175, -17.937920831], [44.035655144, -17.7694638], [43.929209832, -17.60165781], [43.9326278, -17.484958592], [44.430674675, -16.700372003], [44.411794467, -16.573011977], [44.462901238, -16.485446873], [44.398203972, -16.340427342], [44.452810092, -16.186700128], [44.868337436, -16.220879816], [45.266368035, -15.923923435], [45.297862175, -16.111993097], [45.406260613, -16.054864191], [45.379405144, -15.973809503], [45.570078972, -15.943047784], [45.604746941, -16.051853123], [45.660899285, -15.803806248], [45.948578321, -15.774183852], [45.958750847, -15.83993906], [46.066091342, -15.861911717], [46.070974155, -15.778578383], [46.015798373, -15.792250258], [46.144216342, -15.703708592], [46.235524936, -15.717461847], [46.207367384, -15.819512628], [46.3310653, -15.977227472], [46.337901238, -15.936211847], [46.384938998, -15.959161066], [46.38559004, -15.90211354], [46.468760613, -15.956719659], [46.44434655, -15.881036066], [46.299001498, -15.815687758], [46.355642123, -15.732517185], [46.30372155, -15.710219008], [46.332692905, -15.630140883], [46.949473504, -15.198418878], [47.074717644, -15.32398854], [46.958262566, -15.549574477], [46.997243686, -15.494724217], [47.232106967, -15.433282159], [47.055918816, -15.193617446], [47.241384311, -14.969659113], [47.371836785, -14.89055755], [47.368337436, -14.846612238], [47.308604363, -14.875176691], [47.283702019, -14.846937758], [47.444834832, -14.671563409], [47.517100457, -14.819594008], [47.42066491, -14.965590102], [47.427744988, -15.107598566], [47.562510613, -14.985039972], [47.651866082, -14.758884373], [47.797129754, -14.5663388], [47.92066491, -14.709730727], [47.914398634, -14.640801691], [47.968597852, -14.622165623], [48.000254754, -14.762302342], [48.013031446, -14.630059503], [47.803884311, -14.545586847], [47.7529403, -14.600518488], [47.701508009, -14.446384373], [47.790863477, -14.223239842], [47.943532748, -14.232517185], [47.920095248, -14.08603281], [48.013682488, -14.14055755], [47.982758009, -14.325372003], [48.03394616, -14.262383722], [48.048187696, -14.084079685], [47.941091342, -14.004082941], [48.017100457, -13.952813409], [47.917491082, -13.897637628], [47.875824415, -13.784274998], [47.927500847, -13.709242446], [47.904307488, -13.603204034], [47.984873894, -13.506768488], [48.015310092, -13.580173435], [48.068369988, -13.517347915], [48.099375847, -13.599379165], [48.142425977, -13.595391534], [48.192393425, -13.766859633], [48.298675977, -13.798272394], [48.341156446, -13.755547784], [48.333343946, -13.546319269], [48.3935653, -13.58570729], [48.427582227, -13.524183852], [48.5341903, -13.520765883], [48.482269727, -13.360446873], [48.604991082, -13.445489191], [48.78012129, -13.383884373], [48.955332879, -12.811700128], [48.86589603, -12.647230727], [48.886973504, -12.564629816], [48.839203321, -12.564629816], [48.773692254, -12.435235284], [48.729991082, -12.434991144], [48.759613477, -12.398125909], [48.852712436, -12.413750909], [48.904063347, -12.488946222], [48.945811394, -12.479913019], [48.984629754, -12.333428644], [49.15121504, -12.250746352], [49.201508009, -12.146661066], [49.093028191, -12.098565363], [49.161387566, -12.0507138], [49.223399285, -12.106052342], [49.181895379, -12.043877863], [49.260020379, -11.943617446], [49.351735873, -12.090508722]]]]}}, {"type": "Feature", "id": "hc_30", "properties": {"src_id": "hc_30", "name": "Canarias", "macro": "North Africa", "blurb": "Canarias are an archipelago of islands centered at Tenerife, Fuerteven- tura, and Gran Canaria, among other smaller islands and islets. Long after the Almoravid, Almohad, and other Muslim states occupied parts of the Iberian Peninsula, Spanish kingdoms conquered the islands in 1402."}, "geometry": {"type": "MultiPolygon", "coordinates": [[[[-17.979481575, 27.642523505], [-18.160389778, 27.722357489], [-18.167225715, 27.757554429], [-18.056792773, 27.756496486], [-17.933949348, 27.852036851], [-17.88402259, 27.827582098], [-17.885121223, 27.797919012], [-17.979481575, 27.642523505]]], [[[-15.39964759, 28.042669989], [-15.363636848, 28.009711005], [-15.377837694, 27.852280992], [-15.577951627, 27.73436107], [-15.685699023, 27.763332424], [-15.781971809, 27.838446356], [-15.820627408, 27.984076239], [-15.708363411, 28.08193594], [-15.706206835, 28.167385158], [-15.458729621, 28.134222723], [-15.409291145, 28.17975495], [-15.415638801, 28.141506252], [-15.39964759, 28.042669989]]], [[[-17.257887595, 28.024569541], [-17.343220902, 28.097660414], [-17.309673193, 28.207117355], [-17.212721083, 28.20544933], [-17.116118944, 28.146226304], [-17.098419697, 28.100763585], [-17.207110521, 28.026693299], [-17.257887595, 28.024569541]]], [[[-16.355513649, 28.381149772], [-16.427695489, 28.14966954], [-16.545765754, 28.023993231], [-16.692683275, 27.999846942], [-16.91605809, 28.354969806], [-16.837439857, 28.391082809], [-16.770130989, 28.366278387], [-16.507135177, 28.424134052], [-16.316395637, 28.572088934], [-16.117746549, 28.572088934], [-16.355513649, 28.381149772]]], [[[-14.343169726, 28.05068594], [-14.507069465, 28.071193752], [-14.496896939, 28.102525132], [-14.398915168, 28.111232815], [-14.240142382, 28.201564846], [-14.140858528, 28.434881903], [-14.0361222, 28.587388414], [-13.999908007, 28.716742255], [-13.86457272, 28.744208075], [-13.821156379, 28.63666413], [-13.85655677, 28.478989976], [-13.842925585, 28.406927802], [-13.91128496, 28.27724844], [-13.966786262, 28.227972723], [-14.118560351, 28.200506903], [-14.244536913, 28.129217841], [-14.343169726, 28.05068594]]], [[[-17.781483528, 28.842271226], [-17.721882905, 28.749028849], [-17.76525352, 28.677548591], [-17.759856403, 28.576821003], [-17.830881314, 28.455389716], [-18.002186653, 28.749579169], [-17.936350064, 28.840318101], [-17.865834114, 28.840643622], [-17.781483528, 28.842271226]]], [[[-13.465565559, 29.023911851], [-13.510487434, 28.977484442], [-13.709299283, 28.914699611], [-13.77464759, 28.839585679], [-13.867298957, 28.864894924], [-13.832102017, 29.000392971], [-13.780873176, 29.064886786], [-13.537220832, 29.138251044], [-13.465402799, 29.243312893], [-13.417795377, 29.208929755], [-13.458729621, 29.147406317], [-13.465565559, 29.023911851]]], [[[-13.517079231, 29.226263739], [-13.541249153, 29.229396877], [-13.508168098, 29.289455471], [-13.477894661, 29.266262111], [-13.492014127, 29.242661851], [-13.517079231, 29.226263739]]], [[[-2.431414171, 35.178765584], [-2.43585871, 35.181189878], [-2.429393927, 35.186038465], [-2.426501992, 35.182113679], [-2.431414171, 35.178765584]]], [[[-3.902532579, 35.214787124], [-3.90313179, 35.215038701], [-3.90232938, 35.215904714], [-3.90195685, 35.215464452], [-3.902532579, 35.214787124]]], [[[-3.899818007, 35.217285203], [-3.901308127, 35.217319069], [-3.90127426, 35.217623866], [-3.899953472, 35.217860931], [-3.899818007, 35.217285203]]], [[[-5.360807781, 35.874013292], [-5.307649612, 35.885791779], [-5.307316161, 35.884638808], [-5.360807781, 35.874013292]]]]}}, {"type": "Feature", "id": "hc_40", "properties": {"src_id": "hc_40", "name": "Cabo Verde", "macro": "West Africa", "blurb": "The Cabo Verde islands were uninhabited until their discovery by the Portuguese in 1456. They are divided into two groups: Barlavento or wind- ward islands with Boa Vista, Santo Ant\u00e3o, Santa Luzia, S\u00e3o Vicente, S\u00e3o Nicolau, and Sal; and Sotavento or leeward islands with Brava, Fogo, Maio, and Santiago."}, "geometry": {"type": "MultiPolygon", "coordinates": [[[[-24.683257616, 14.842474677], [-24.686879036, 14.826646226], [-24.695301887, 14.819403387], [-24.70441647, 14.814032294], [-24.710560676, 14.803941148], [-24.718006965, 14.803941148], [-24.725453254, 14.814113674], [-24.744618293, 14.826605536], [-24.751535611, 14.838771877], [-24.75894121, 14.831854559], [-24.754709439, 14.840806382], [-24.753244595, 14.849351304], [-24.754709439, 14.857855536], [-24.75894121, 14.866644598], [-24.745350715, 14.866644598], [-24.749419726, 14.885484117], [-24.737619595, 14.892035223], [-24.719349739, 14.89443594], [-24.70433509, 14.900824286], [-24.693104621, 14.89069245], [-24.686756965, 14.876166083], [-24.683949348, 14.85944245], [-24.683257616, 14.842474677]]], [[[-24.334462043, 14.831854559], [-24.376535611, 14.815985419], [-24.41502845, 14.820868231], [-24.449086067, 14.838080145], [-24.506581184, 14.884955145], [-24.520375129, 14.903957424], [-24.526234504, 14.924709377], [-24.52061927, 14.94525788], [-24.506743944, 14.969183661], [-24.488921679, 14.990545966], [-24.464588996, 15.00771719], [-24.40343177, 15.038031317], [-24.385568814, 15.043524481], [-24.364857551, 15.045396226], [-24.343251106, 15.040716864], [-24.32921302, 15.028713283], [-24.320139127, 15.013006903], [-24.307240364, 14.979437567], [-24.295765754, 14.930487372], [-24.296538866, 14.917547919], [-24.301503059, 14.90648021], [-24.298207161, 14.895453192], [-24.293283658, 14.884344794], [-24.292836067, 14.872870184], [-24.299549934, 14.863023179], [-24.334462043, 14.831854559]]], [[[-23.739898241, 15.317328192], [-23.737945116, 15.311672268], [-23.719227668, 15.322902736], [-23.703236457, 15.313462632], [-23.697824674, 15.296332098], [-23.710682746, 15.284369208], [-23.697336392, 15.266017971], [-23.681752082, 15.254828192], [-23.648548957, 15.237209377], [-23.656076627, 15.229722398], [-23.638783332, 15.226263739], [-23.630279101, 15.219183661], [-23.615101692, 15.195013739], [-23.584217903, 15.162420966], [-23.5673722, 15.152085679], [-23.552357551, 15.153998114], [-23.549143033, 15.149359442], [-23.547474739, 15.145941473], [-23.544992642, 15.143133856], [-23.539296028, 15.140366929], [-23.540760871, 15.139064846], [-23.534413215, 15.13300202], [-23.527251757, 15.127386786], [-23.525705533, 15.127346096], [-23.522938606, 15.126695054], [-23.514068163, 15.127997137], [-23.511382616, 15.127346096], [-23.510812955, 15.124212958], [-23.512033658, 15.116115627], [-23.511382616, 15.113023179], [-23.470448371, 15.037990627], [-23.466542121, 15.034247137], [-23.463612434, 15.033148505], [-23.460682746, 15.030951239], [-23.456776496, 15.02366771], [-23.454579231, 15.018947658], [-23.451893684, 15.015122789], [-23.448353645, 15.012396552], [-23.443104621, 15.010687567], [-23.447824674, 14.995754299], [-23.454660611, 14.985907294], [-23.477894661, 14.969061591], [-23.470448371, 14.962225653], [-23.480213996, 14.946600653], [-23.486317512, 14.930853583], [-23.494007942, 14.918687242], [-23.508290168, 14.913804429], [-23.516224739, 14.912827867], [-23.531849739, 14.908636786], [-23.539296028, 14.907619533], [-23.547352668, 14.908514716], [-23.55581621, 14.912787177], [-23.563221809, 14.913804429], [-23.596424934, 14.914536851], [-23.624134895, 14.91811758], [-23.64972897, 14.926499742], [-23.676503059, 14.935532945], [-23.715077278, 14.968451239], [-23.730539517, 14.985825914], [-23.730702278, 15.018500067], [-23.742054817, 15.026353257], [-23.758290168, 15.03131745], [-23.772084114, 15.037990627], [-23.772694465, 15.041693427], [-23.779530403, 15.064642645], [-23.78229733, 15.068548895], [-23.78628496, 15.072414455], [-23.79010983, 15.077704169], [-23.792591926, 15.085760809], [-23.789865689, 15.09381745], [-23.775624153, 15.118231512], [-23.772084114, 15.127346096], [-23.772938606, 15.140448309], [-23.785755989, 15.174505927], [-23.776193814, 15.177232164], [-23.770130989, 15.183986721], [-23.76675371, 15.193752346], [-23.765858528, 15.205511786], [-23.763661262, 15.216294664], [-23.758697069, 15.223089911], [-23.753814257, 15.228094794], [-23.751576301, 15.233465887], [-23.75495358, 15.250311591], [-23.763295051, 15.26976146], [-23.77440345, 15.285630601], [-23.785755989, 15.291815497], [-23.779123502, 15.294134833], [-23.758412239, 15.30487702], [-23.773060676, 15.310614325], [-23.779530403, 15.311672268], [-23.751576301, 15.332749742], [-23.744130012, 15.332749742], [-23.743560351, 15.325140692], [-23.742014127, 15.320949611], [-23.739898241, 15.317328192]]], [[[-23.176258918, 15.319159247], [-23.161936002, 15.31256745], [-23.139515754, 15.317775783], [-23.127797004, 15.311672268], [-23.121896939, 15.299139716], [-23.120513476, 15.283351955], [-23.121571418, 15.256415106], [-23.11046302, 15.19940827], [-23.111927864, 15.17194245], [-23.127797004, 15.146633205], [-23.132801887, 15.14472077], [-23.148671028, 15.142767645], [-23.155140754, 15.140366929], [-23.158843554, 15.135565497], [-23.163644986, 15.123724677], [-23.168812629, 15.119859117], [-23.182728645, 15.118597723], [-23.195952929, 15.122056382], [-23.217152473, 15.133530992], [-23.240630663, 15.150051174], [-23.252064582, 15.161810614], [-23.258168098, 15.174505927], [-23.25511634, 15.186835028], [-23.24730384, 15.19920482], [-23.24327552, 15.211330471], [-23.251332161, 15.22288646], [-23.237172004, 15.231024481], [-23.230865038, 15.243963934], [-23.234852668, 15.254828192], [-23.251332161, 15.256415106], [-23.245716926, 15.271063544], [-23.224110481, 15.286688544], [-23.209787564, 15.311672268], [-23.214466926, 15.313544012], [-23.215158658, 15.314439195], [-23.214955207, 15.315822658], [-23.217152473, 15.319159247], [-23.203277148, 15.324896552], [-23.189849413, 15.332749742], [-23.189564582, 15.329494533], [-23.189849413, 15.319159247], [-23.181263801, 15.325751044], [-23.178944465, 15.327948309], [-23.176258918, 15.332749742], [-23.168812629, 15.325344143], [-23.176258918, 15.319159247]]], [[[-22.85252845, 16.206610419], [-22.82941647, 16.204006252], [-22.819325325, 16.212958075], [-22.811675585, 16.228420315], [-22.793812629, 16.231350002], [-22.734689908, 16.216864325], [-22.72386634, 16.212632554], [-22.713856575, 16.205755927], [-22.709828254, 16.198635158], [-22.703765429, 16.17959219], [-22.699574348, 16.17568594], [-22.682484504, 16.168646552], [-22.678700325, 16.151760158], [-22.682118293, 16.113592841], [-22.678374804, 16.111883856], [-22.670806444, 16.102240302], [-22.666574674, 16.091457424], [-22.672515429, 16.086330471], [-22.675607877, 16.08201732], [-22.677113411, 16.072658596], [-22.679798957, 16.063218492], [-22.69644121, 16.052923895], [-22.75108802, 16.010565497], [-22.787587043, 15.991603908], [-22.806141731, 15.985907294], [-22.863677538, 15.982367255], [-22.873890754, 15.983872789], [-22.883656379, 15.988714911], [-22.897775845, 16.000474351], [-22.909291145, 16.003729559], [-22.945546028, 16.01968008], [-22.957753059, 16.030829169], [-22.963978645, 16.052191473], [-22.963246223, 16.071193752], [-22.957753059, 16.089016018], [-22.947417773, 16.102240302], [-22.932606575, 16.107407945], [-22.913563606, 16.125555731], [-22.924427864, 16.212958075], [-22.915598111, 16.243963934], [-22.911610481, 16.236721096], [-22.90721595, 16.231431382], [-22.895090299, 16.22284577], [-22.877919075, 16.2149112], [-22.85252845, 16.206610419]]], [[[-24.292836067, 16.641831773], [-24.28237871, 16.641343492], [-24.226796028, 16.649603583], [-24.217111783, 16.647691148], [-24.180572069, 16.630845445], [-24.172474739, 16.62909577], [-24.089995898, 16.622463283], [-24.06753496, 16.613918361], [-24.04796302, 16.598822333], [-24.037424283, 16.593003648], [-24.032826301, 16.596828518], [-24.032826301, 16.56240469], [-24.04409746, 16.559881903], [-24.114735481, 16.559271552], [-24.191965299, 16.592474677], [-24.233306444, 16.602118231], [-24.272328254, 16.587225653], [-24.28636634, 16.570746161], [-24.315337694, 16.520412502], [-24.324696418, 16.482652085], [-24.333404101, 16.494940497], [-24.347482877, 16.531968492], [-24.353382942, 16.540432033], [-24.360178189, 16.547186591], [-24.365630663, 16.555609442], [-24.367909309, 16.569159247], [-24.368560351, 16.579535223], [-24.370920377, 16.587144273], [-24.37608802, 16.591782945], [-24.385080533, 16.593410549], [-24.408273892, 16.600165106], [-24.424712694, 16.61713288], [-24.43065345, 16.639471747], [-24.422596809, 16.662298895], [-24.361480273, 16.681586005], [-24.354237434, 16.680609442], [-24.340565559, 16.675360419], [-24.328684049, 16.667792059], [-24.305165168, 16.647894598], [-24.292836067, 16.641831773]]], [[[-22.897368944, 16.710272528], [-22.884185351, 16.698431708], [-22.881337043, 16.692694403], [-22.882394986, 16.681545315], [-22.886626757, 16.661688544], [-22.887603319, 16.651434637], [-22.889556444, 16.645900783], [-22.898793098, 16.639471747], [-22.901844856, 16.634426174], [-22.901478645, 16.62909577], [-22.89940345, 16.621649481], [-22.896839973, 16.615464585], [-22.895090299, 16.613918361], [-22.901722786, 16.605902411], [-22.908843554, 16.602199611], [-22.917632616, 16.599188544], [-22.929188606, 16.593410549], [-22.941395637, 16.669378973], [-22.956532356, 16.69944896], [-22.97760983, 16.689032294], [-22.98176022, 16.703517971], [-22.983143684, 16.723049221], [-22.980051236, 16.741115627], [-22.970814582, 16.751044012], [-22.970814582, 16.75787995], [-22.982736783, 16.761379299], [-22.9892472, 16.770941473], [-22.991566536, 16.784328518], [-22.990793424, 16.815659898], [-22.970122851, 16.831447658], [-22.922434049, 16.860296942], [-22.916981575, 16.853176174], [-22.898915168, 16.836818752], [-22.895090299, 16.829291083], [-22.896311002, 16.825018622], [-22.902740038, 16.813177802], [-22.909779426, 16.803371486], [-22.907948371, 16.800604559], [-22.904042121, 16.798570054], [-22.901844856, 16.795111395], [-22.904652473, 16.735825914], [-22.901844856, 16.716945705], [-22.897368944, 16.710272528]]], [[[-24.927723762, 16.917792059], [-24.918771939, 16.908270575], [-24.914702929, 16.899155992], [-24.919748502, 16.895086981], [-24.92292233, 16.89081452], [-24.914458788, 16.881415106], [-24.900135871, 16.872015692], [-24.885894335, 16.867743231], [-24.881092903, 16.862290757], [-24.87629147, 16.849839585], [-24.873605924, 16.83592357], [-24.875070767, 16.826157945], [-24.891102668, 16.813950914], [-24.915516731, 16.805487372], [-24.942860481, 16.800482489], [-24.968129036, 16.798895575], [-24.974517382, 16.796698309], [-24.984201627, 16.787339585], [-24.988026496, 16.78514232], [-24.995228645, 16.786118882], [-25.058176236, 16.809637762], [-25.068226692, 16.815090236], [-25.076161262, 16.822455145], [-25.081125455, 16.832342841], [-25.094146288, 16.826157945], [-25.089751757, 16.847479559], [-25.078195767, 16.865057684], [-25.06358802, 16.877020575], [-25.050119595, 16.881415106], [-25.018788215, 16.882025458], [-25.005970832, 16.887681382], [-25.012196418, 16.901271877], [-24.983998176, 16.915961005], [-24.978098111, 16.923000393], [-24.971262174, 16.923000393], [-24.965199348, 16.908921617], [-24.955189582, 16.910793361], [-24.937733528, 16.923000393], [-24.927723762, 16.917792059]]], [[[-25.09105384, 17.193019924], [-25.079497851, 17.185370184], [-25.053944465, 17.186183986], [-25.039540168, 17.182440497], [-25.030181444, 17.175482489], [-25.026275194, 17.167710679], [-25.025868293, 17.144924221], [-25.02057858, 17.140366929], [-24.9970597, 17.134182033], [-24.991769986, 17.130926825], [-24.988677538, 17.125718492], [-24.974964973, 17.114488023], [-24.971262174, 17.107326565], [-24.973011848, 17.096625067], [-24.978993293, 17.086900132], [-25.015126106, 17.049139716], [-25.019683398, 17.049017645], [-25.023915168, 17.045396226], [-25.042713996, 17.038478908], [-25.046986457, 17.03506094], [-25.055572069, 17.024807033], [-25.115874804, 16.997463283], [-25.143422004, 16.970038153], [-25.162953254, 16.94529857], [-25.187855598, 16.928168036], [-25.231312629, 16.923000393], [-25.269195116, 16.923000393], [-25.280832486, 16.920721747], [-25.289662239, 16.917181708], [-25.298695442, 16.917385158], [-25.310780403, 16.926092841], [-25.313384569, 16.938462632], [-25.313872851, 17.004950262], [-25.327544726, 17.028225002], [-25.331044075, 17.030951239], [-25.348296679, 17.034125067], [-25.354847786, 17.038478908], [-25.36042233, 17.055243231], [-25.355580207, 17.069566148], [-25.330922004, 17.096828518], [-25.316802538, 17.106105861], [-25.302154101, 17.108058986], [-25.289133267, 17.107001044], [-25.279774543, 17.107326565], [-25.269602017, 17.114325262], [-25.245350715, 17.13670482], [-25.226307746, 17.14468008], [-25.202707486, 17.158758856], [-25.179554817, 17.164374091], [-25.118641731, 17.192857164], [-25.10260983, 17.196600653], [-25.09105384, 17.193019924]]]]}}, {"type": "Feature", "id": "hc_43", "properties": {"src_id": "hc_43", "name": "Comoros", "macro": "East Africa", "blurb": "The Comoros are located in the Mozambique Channel and consist of Grande Comore (Ngazidja), Anjouan (Ndzuwani or Nzwani), Moh\u00e9li (Mwali) and Mayotte (Maore or Mahori)."}, "geometry": {"type": "MultiPolygon", "coordinates": [[[[43.842946811, -12.373467706], [43.81934655, -12.373467706], [43.751475457, -12.359958592], [43.681407097, -12.358086847], [43.665212436, -12.352471613], [43.660817905, -12.344984633], [43.661794467, -12.327732029], [43.65894616, -12.318291925], [43.650238477, -12.310235284], [43.641123894, -12.306410415], [43.633962436, -12.301039321], [43.631032748, -12.287774347], [43.629893425, -12.251722915], [43.6357528, -12.236911717], [43.652110222, -12.242608331], [43.666351759, -12.25009531], [43.708343946, -12.25790781], [43.727224155, -12.263604425], [43.779307488, -12.297621352], [43.788747592, -12.308038019], [43.797048373, -12.311618748], [43.850108269, -12.346123956], [43.861582879, -12.36337656], [43.85816491, -12.371351821], [43.842946811, -12.373467706]]], [[[44.484141472, -12.085544529], [44.5263778, -12.21884531], [44.529063347, -12.232842706], [44.528493686, -12.354750258], [44.522959832, -12.372816665], [44.511485222, -12.380303644], [44.50269616, -12.376722915], [44.492442254, -12.368259373], [44.484141472, -12.358005467], [44.480723504, -12.349297784], [44.478770379, -12.336846613], [44.473317905, -12.329766534], [44.399587436, -12.279961847], [44.391368035, -12.267022394], [44.385264519, -12.251722915], [44.3701278, -12.244317316], [44.330577019, -12.236260675], [44.26840254, -12.205010675], [44.260020379, -12.198418878], [44.219899936, -12.174981378], [44.206390821, -12.160577081], [44.222504102, -12.1600888], [44.235850457, -12.163344008], [44.261566602, -12.174248956], [44.278981967, -12.178643488], [44.31128991, -12.183282159], [44.32309004, -12.187920831], [44.328379754, -12.183770441], [44.338389519, -12.178643488], [44.343516472, -12.174248956], [44.373545769, -12.180352472], [44.400075717, -12.156508071], [44.415293816, -12.119317316], [44.411794467, -12.085544529], [44.421560092, -12.082696222], [44.435313347, -12.074802342], [44.446055535, -12.071872654], [44.451019727, -12.069756769], [44.455332879, -12.066582941], [44.460134311, -12.064141534], [44.467051629, -12.064385675], [44.472829623, -12.068536066], [44.480723504, -12.082452081], [44.484141472, -12.085544529]]], [[[43.463145379, -11.930922133], [43.449554884, -11.932875258], [43.437673373, -11.931573175], [43.43238366, -11.924086196], [43.425954623, -11.911553644], [43.36996504, -11.860609633], [43.355153842, -11.854587498], [43.312266472, -11.852146092], [43.301768425, -11.849541925], [43.290293816, -11.843357029], [43.271006707, -11.82822031], [43.262868686, -11.818047784], [43.260101759, -11.809177342], [43.258799675, -11.800469659], [43.254242384, -11.790704034], [43.228770379, -11.766289972], [43.21778405, -11.750258071], [43.213226759, -11.725762628], [43.215993686, -11.715997003], [43.222504102, -11.703871352], [43.244151238, -11.672946873], [43.244395379, -11.662286066], [43.241547071, -11.651543878], [43.240570509, -11.639825128], [43.254405144, -11.463067316], [43.252289259, -11.451348566], [43.246836785, -11.440606378], [43.25660241, -11.423272394], [43.266123894, -11.398695571], [43.276540561, -11.379571222], [43.288340691, -11.379164321], [43.33082116, -11.365004165], [43.355723504, -11.361260675], [43.37403405, -11.368584894], [43.385996941, -11.384047133], [43.394867384, -11.400160415], [43.399424675, -11.418389581], [43.377126498, -11.605075779], [43.386078321, -11.645603123], [43.430511915, -11.708184503], [43.446625196, -11.749118748], [43.447113477, -11.759372654], [43.445567254, -11.780531508], [43.446625196, -11.790704034], [43.451182488, -11.798028253], [43.457774285, -11.804375909], [43.4638778, -11.811618748], [43.466563347, -11.821709894], [43.469086134, -11.831719659], [43.47535241, -11.843031508], [43.49878991, -11.873630467], [43.498301629, -11.882012628], [43.48698978, -11.899834894], [43.483734571, -11.90992604], [43.482595248, -11.917168878], [43.479991082, -11.922784113], [43.472666863, -11.927911066], [43.463145379, -11.930922133]]], [[[45.282562696, -12.804864191], [45.275726759, -12.804864191], [45.262217644, -12.763360284], [45.277110222, -12.747491144], [45.282562696, -12.743422133], [45.289317254, -12.759860935], [45.290863477, -12.774021092], [45.288422071, -12.788344008], [45.282562696, -12.804864191]]], [[[45.090179884, -12.663262628], [45.083994988, -12.667657159], [45.090505405, -12.667087498], [45.093516472, -12.669040623], [45.094981316, -12.672051691], [45.097178582, -12.674493097], [45.110606316, -12.685804946], [45.128916863, -12.707452081], [45.138682488, -12.71493906], [45.152598504, -12.718194269], [45.183767123, -12.717950128], [45.200694207, -12.722914321], [45.21762129, -12.734063409], [45.224782748, -12.745700779], [45.224945509, -12.759535415], [45.220550977, -12.777520441], [45.196950717, -12.811700128], [45.188161655, -12.817071222], [45.188731316, -12.828789972], [45.195160352, -12.840508722], [45.213145379, -12.851820571], [45.210948113, -12.865329685], [45.204356316, -12.878513279], [45.200694207, -12.883965753], [45.191661004, -12.904961847], [45.175303582, -12.924004816], [45.168223504, -12.944268488], [45.18637129, -12.96884531], [45.18230228, -12.975762628], [45.178070509, -12.981052342], [45.173024936, -12.985039972], [45.165863477, -12.989190363], [45.159922722, -12.978610935], [45.153086785, -12.979668878], [45.144297722, -12.985772394], [45.13184655, -12.989190363], [45.120616082, -12.986260675], [45.113291863, -12.981052342], [45.106700066, -12.978122654], [45.097178582, -12.982354425], [45.098480665, -12.967868748], [45.094493035, -12.958184503], [45.08497155, -12.953708592], [45.070323113, -12.955010675], [45.070323113, -12.948907159], [45.088389519, -12.940362238], [45.090179884, -12.924004816], [45.081228061, -12.908298435], [45.062510613, -12.89853281], [45.06527754, -12.893161717], [45.07292728, -12.888360284], [45.083994988, -12.887383722], [45.090098504, -12.891045831], [45.107920769, -12.911716404], [45.124766472, -12.921482029], [45.134125196, -12.916924738], [45.136485222, -12.903903904], [45.13184655, -12.887383722], [45.12387129, -12.87509531], [45.113291863, -12.86337656], [45.083994988, -12.839043878], [45.097992384, -12.833428644], [45.1045028, -12.832777602], [45.1045028, -12.825941665], [45.098643425, -12.817478123], [45.094248894, -12.802829685], [45.090830925, -12.773858331], [45.087168816, -12.759698175], [45.078379754, -12.753594659], [45.067149285, -12.75009531], [45.056651238, -12.743422133], [45.04948978, -12.73430755], [45.045176629, -12.725192967], [45.042979363, -12.713962498], [45.042491082, -12.698418878], [45.090830925, -12.647230727], [45.094737175, -12.653578383], [45.095957879, -12.656508071], [45.097178582, -12.660821222], [45.09278405, -12.661879165], [45.090179884, -12.663262628]]]]}}, {"type": "Feature", "id": "hc_44", "properties": {"src_id": "hc_44", "name": "Mascarenes", "macro": "East Africa", "blurb": "The Mascarenes are centered around Mauritius, in particular, and R\u00e9union, which different Europeans variously occupied, were connected in the East India trade, and were the geo- political-economic center of the southwest Indian Ocean islands."}, "geometry": {"type": "MultiPolygon", "coordinates": [[[[55.405367642, -4.679927413], [55.404091248, -4.680292097], [55.400079725, -4.675733548], [55.397526938, -4.673363103], [55.39770928, -4.671357341], [55.396432886, -4.669716263], [55.397162254, -4.66843987], [55.398985674, -4.668622212], [55.401173777, -4.669533921], [55.404820616, -4.671722025], [55.406826378, -4.67500418], [55.405914668, -4.678103993], [55.405367642, -4.679927413]]], [[[55.373822484, -4.666434108], [55.372910774, -4.667892844], [55.369810961, -4.66661645], [55.364887728, -4.665887082], [55.361970257, -4.663698979], [55.360511521, -4.661328533], [55.362699624, -4.659322772], [55.366164122, -4.660599166], [55.370540328, -4.663881321], [55.373822484, -4.666434108]]], [[[55.497213285, -4.628124063], [55.499693136, -4.629874546], [55.501589492, -4.628853431], [55.504069343, -4.629728672], [55.506840941, -4.636876477], [55.505819826, -4.639648075], [55.502610607, -4.639939822], [55.498526148, -4.638481086], [55.495608676, -4.635709489], [55.491961837, -4.634250753], [55.49167009, -4.629874546], [55.49371232, -4.62797819], [55.497213285, -4.628124063]]], [[[55.512821757, -4.627248822], [55.511071274, -4.629582799], [55.50844555, -4.62841581], [55.505090458, -4.626227707], [55.503339975, -4.623601983], [55.504215217, -4.621413879], [55.505673952, -4.621705626], [55.508153803, -4.62389373], [55.511508895, -4.624768971], [55.512821757, -4.627248822]]], [[[55.503777596, -4.598365856], [55.50844555, -4.599386971], [55.51253001, -4.599386971], [55.514426366, -4.600553959], [55.51253001, -4.604638419], [55.509320791, -4.609014626], [55.502756481, -4.61164035], [55.498672021, -4.614411948], [55.496775665, -4.614703695], [55.496338044, -4.611786224], [55.497359159, -4.606534776], [55.496775665, -4.60303381], [55.497942653, -4.600845707], [55.499401389, -4.599678718], [55.503777596, -4.598365856]]], [[[55.950144026, -4.59099288], [55.944857226, -4.592755147], [55.93906692, -4.592251642], [55.933024862, -4.586209584], [55.932521357, -4.582433298], [55.935794139, -4.579915774], [55.94007393, -4.578657012], [55.944353721, -4.579915774], [55.949388769, -4.586461337], [55.950144026, -4.59099288]]], [[[55.457189712, -4.623999702], [55.456682424, -4.625802017], [55.464411619, -4.625395217], [55.475660576, -4.639937635], [55.497660765, -4.655384576], [55.51638433, -4.668022983], [55.528554647, -4.6801933], [55.52153331, -4.707810558], [55.525278023, -4.713895717], [55.528086558, -4.736832084], [55.519660954, -4.73917253], [55.516852419, -4.750406669], [55.525746112, -4.770066412], [55.527191602, -4.783786717], [55.534639806, -4.789726156], [55.53791643, -4.80376883], [55.519660954, -4.80376883], [55.504214013, -4.795811314], [55.491107517, -4.772874947], [55.486894715, -4.762108897], [55.478001021, -4.758832273], [55.470979684, -4.763513165], [55.463490258, -4.759768452], [55.46817115, -4.741512976], [55.484778172, -4.741601501], [55.491575606, -4.736363995], [55.485022358, -4.727470302], [55.480341467, -4.721385143], [55.481745734, -4.712959539], [55.478001021, -4.706406291], [55.46817115, -4.705470113], [55.458341278, -4.69095935], [55.448979495, -4.677852854], [55.435404911, -4.676448587], [55.418085613, -4.666150626], [55.409196823, -4.660781508], [55.401702494, -4.660533556], [55.394427125, -4.657864036], [55.39489671, -4.653859894], [55.400079725, -4.652940803], [55.397526938, -4.64984099], [55.389503892, -4.647288203], [55.379657426, -4.649476306], [55.371269696, -4.646923519], [55.365617096, -4.642729654], [55.367258173, -4.639265157], [55.374916535, -4.639994525], [55.377651665, -4.637806421], [55.374734193, -4.632700846], [55.38840984, -4.619572225], [55.394609467, -4.617019438], [55.406851474, -4.616065089], [55.417617524, -4.611384198], [55.422298415, -4.603426683], [55.426117384, -4.595472915], [55.431651238, -4.591566665], [55.434336785, -4.579522394], [55.433698238, -4.562544654], [55.440613833, -4.560510655], [55.447529429, -4.561120855], [55.454897188, -4.562234433], [55.463859659, -4.571383623], [55.467220586, -4.583426944], [55.463112787, -4.58790818], [55.459936822, -4.598546433], [55.459936822, -4.606479028], [55.458845954, -4.61811533], [55.461767421, -4.622547619], [55.457189712, -4.623999702]]], [[[55.260264519, -4.50009531], [55.241953972, -4.50400156], [55.228037957, -4.487481378], [55.22144616, -4.463474217], [55.22543379, -4.444919529], [55.242035352, -4.450372003], [55.259938998, -4.462985935], [55.269216342, -4.480157159], [55.260264519, -4.50009531]]], [[[55.651104576, -4.353442443], [55.648129781, -4.353442443], [55.643667587, -4.349352099], [55.647014232, -4.346749153], [55.648873479, -4.348608401], [55.651104576, -4.353442443]]], [[[55.844094429, -4.374266011], [55.841491483, -4.382818548], [55.834426344, -4.380959301], [55.825501957, -4.372034914], [55.823270861, -4.359763883], [55.828476753, -4.347492852], [55.831823398, -4.337452918], [55.844094429, -4.34265881], [55.850787718, -4.35530169], [55.857109159, -4.364969775], [55.850415869, -4.36831642], [55.844094429, -4.374266011]]], [[[55.923670206, -4.343030659], [55.922554658, -4.349723949], [55.918836164, -4.347864702], [55.917720615, -4.340427713], [55.919951712, -4.334106273], [55.924785754, -4.337081068], [55.923670206, -4.343030659]]], [[[55.665606704, -4.334106273], [55.660400812, -4.334849972], [55.660028962, -4.330387779], [55.663003758, -4.328156682], [55.666350403, -4.32927223], [55.665606704, -4.334106273]]], [[[55.884626016, -4.336709219], [55.878676425, -4.338196617], [55.873470533, -4.332618875], [55.866777244, -4.32332264], [55.868636491, -4.317373049], [55.873470533, -4.318488597], [55.883138619, -4.328900381], [55.884626016, -4.336709219]]], [[[55.746669879, -4.311423458], [55.754478717, -4.321091543], [55.764518651, -4.31662935], [55.777161532, -4.318488597], [55.787038064, -4.330592471], [55.770924783, -4.331324893], [55.768239236, -4.339625674], [55.767995096, -4.350286482], [55.759124653, -4.358424503], [55.746754861, -4.358098982], [55.732757465, -4.352239607], [55.723317361, -4.342555362], [55.717634864, -4.330116464], [55.704101781, -4.327859605], [55.692008013, -4.326297435], [55.684571024, -4.318860446], [55.68376658, -4.311549503], [55.677174783, -4.296412784], [55.690114236, -4.291774112], [55.696950174, -4.290553409], [55.704437153, -4.290227888], [55.718678689, -4.303248721], [55.732150572, -4.308817604], [55.746669879, -4.311423458]]], [[[55.873842383, -4.296177631], [55.870123889, -4.296549481], [55.866405394, -4.288740643], [55.866405394, -4.283162901], [55.869752039, -4.283534751], [55.870867587, -4.289856191], [55.873842383, -4.296177631]]], [[[55.733283299, -4.289112492], [55.73291145, -4.292459137], [55.720730146, -4.288270654], [55.712087436, -4.280368748], [55.715062677, -4.276841461], [55.722127817, -4.276841461], [55.738489191, -4.277957009], [55.742951385, -4.278328859], [55.741463987, -4.283162901], [55.732167751, -4.283162901], [55.733283299, -4.289112492]]], [[[55.675274789, -4.212139661], [55.671928144, -4.214742607], [55.664491155, -4.213998908], [55.659285263, -4.21288336], [55.660400812, -4.210280414], [55.666722252, -4.209908564], [55.670440746, -4.210652263], [55.675274789, -4.212139661]]], [[[55.659678582, -3.791110935], [55.665863477, -3.811781508], [55.658539259, -3.811700128], [55.651866082, -3.801202081], [55.659678582, -3.791110935]]], [[[57.7138778, -20.096123956], [57.717946811, -20.096937758], [57.729746941, -20.095147394], [57.733653191, -20.096123956], [57.74480228, -20.105075779], [57.747731967, -20.111504816], [57.744476759, -20.143812758], [57.752207879, -20.154229425], [57.762543165, -20.162041925], [57.77214603, -20.190524998], [57.791351759, -20.212172133], [57.79574629, -20.22275156], [57.793955925, -20.246758722], [57.788910352, -20.274183852], [57.778168165, -20.30478281], [57.775889519, -20.32040781], [57.781504754, -20.33570729], [57.757090691, -20.343357029], [57.72925866, -20.363946222], [57.712250196, -20.387465102], [57.719981316, -20.403985284], [57.720713738, -20.411065363], [57.726084832, -20.419610284], [57.726817254, -20.425062758], [57.723317905, -20.434258722], [57.71762129, -20.436130467], [57.711273634, -20.435804946], [57.70582116, -20.438734633], [57.692393425, -20.461521092], [57.684743686, -20.471612238], [57.672211134, -20.479668878], [57.588389519, -20.504815363], [57.503591342, -20.517347915], [57.473643425, -20.515069269], [57.426931186, -20.500909113], [57.399261915, -20.497979425], [57.378103061, -20.507012628], [57.320567254, -20.458184503], [57.307871941, -20.444268488], [57.30347741, -20.430922133], [57.31934655, -20.425062758], [57.344086134, -20.429864191], [57.357758009, -20.427422784], [57.363780144, -20.414483331], [57.368988477, -20.386407159], [57.367849155, -20.376153253], [57.356944207, -20.370375258], [57.365000847, -20.345961196], [57.36597741, -20.290785415], [57.370616082, -20.260511977], [57.377452019, -20.243096613], [57.400157097, -20.200616144], [57.408457879, -20.192315363], [57.410492384, -20.189222915], [57.4326278, -20.17180755], [57.442230665, -20.167413019], [57.4638778, -20.161553644], [57.473643425, -20.157484633], [57.490733269, -20.140801691], [57.493825717, -20.122328383], [57.494476759, -20.103692316], [57.509613477, -20.077406508], [57.521983269, -20.041599217], [57.528086785, -20.030857029], [57.532481316, -20.024834894], [57.560069207, -20.0038388], [57.566905144, -20.000909113], [57.580332879, -19.99993255], [57.586110873, -19.996758722], [57.590505405, -19.989678644], [57.59652754, -19.982598566], [57.607106967, -19.979424738], [57.622894727, -19.981703383], [57.667735222, -19.994073175], [57.679698113, -19.99993255], [57.684825066, -20.011000258], [57.679209832, -20.028252863], [57.683116082, -20.037774347], [57.69019616, -20.047295831], [57.697764519, -20.064060154], [57.706228061, -20.078383071], [57.708832227, -20.08993906], [57.7138778, -20.096123956]]], [[[63.38559004, -19.756036066], [63.366384311, -19.767185154], [63.337738477, -19.738457941], [63.332286004, -19.736423435], [63.335215691, -19.717868748], [63.343272332, -19.709730727], [63.355235222, -19.704685154], [63.389170769, -19.684747003], [63.421153191, -19.674411717], [63.454274936, -19.669854425], [63.476247592, -19.677829685], [63.493907097, -19.681898696], [63.489593946, -19.701429946], [63.469411655, -19.722914321], [63.438731316, -19.733005467], [63.416514519, -19.736423435], [63.400645379, -19.744886977], [63.38559004, -19.756036066]]], [[[55.501312696, -20.873223566], [55.514008009, -20.875176691], [55.527110222, -20.870049738], [55.542491082, -20.87509531], [55.578379754, -20.87476979], [55.592295769, -20.880303644], [55.605804884, -20.888278904], [55.650645379, -20.898044529], [55.663828972, -20.905205988], [55.673838738, -20.913181248], [55.695323113, -20.935235284], [55.702810092, -20.949395441], [55.706553582, -20.982110284], [55.712087436, -20.993584894], [55.736582879, -21.017836196], [55.740000847, -21.024672133], [55.741465691, -21.044528904], [55.743662957, -21.05462005], [55.746836785, -21.06259531], [55.753103061, -21.066989842], [55.770518425, -21.073825779], [55.774180535, -21.079278253], [55.775889519, -21.083916925], [55.78785241, -21.103448175], [55.801768425, -21.111993097], [55.837575717, -21.126153253], [55.849864129, -21.137627863], [55.8545028, -21.156996352], [55.849131707, -21.173760675], [55.840586785, -21.190524998], [55.824229363, -21.264336847], [55.821950717, -21.2850888], [55.822520379, -21.303643488], [55.820811394, -21.324965102], [55.812022332, -21.342543227], [55.791270379, -21.349867446], [55.755707227, -21.348890883], [55.737966342, -21.35165781], [55.706553582, -21.367445571], [55.683116082, -21.370782159], [55.659922722, -21.369561456], [55.643809441, -21.363539321], [55.626800977, -21.369398696], [55.601573113, -21.370375258], [55.575043165, -21.367933852], [55.554453972, -21.363539321], [55.537119988, -21.355075779], [55.505625847, -21.333672784], [55.47543379, -21.326918227], [55.434336785, -21.311618748], [55.417816602, -21.302015883], [55.409841342, -21.293389581], [55.404144727, -21.284437758], [55.397797071, -21.277601821], [55.387054884, -21.274834894], [55.3545028, -21.274590753], [55.349619988, -21.271416925], [55.342295769, -21.257500909], [55.3076278, -21.219414972], [55.29558353, -21.199639581], [55.291026238, -21.176446222], [55.290782097, -21.158868097], [55.288422071, -21.143649998], [55.246348504, -21.090915623], [55.23324629, -21.069268488], [55.22543379, -21.048272394], [55.22543379, -21.029717706], [55.231211785, -21.009698175], [55.241872592, -20.993422133], [55.275401238, -20.98023854], [55.28785241, -20.9647763], [55.292328321, -20.946709894], [55.287445509, -20.932224217], [55.293467644, -20.926364842], [55.295420769, -20.92180755], [55.293467644, -20.917250258], [55.287445509, -20.911716404], [55.302989129, -20.905205988], [55.335948113, -20.905043227], [55.364024285, -20.886163019], [55.407969597, -20.8632138], [55.45582116, -20.861423435], [55.472504102, -20.8632138], [55.501312696, -20.873223566]]]]}}, {"type": "Feature", "id": "hc_45", "properties": {"src_id": "hc_45", "name": "St. Helena", "macro": "West Central Africa", "blurb": "St. Helena, which is over 3,000 kilometers from the mainland in the southern Atlantic, had historical connections with South Atlantic trade, especially following British abolition after 1807."}, "geometry": {"type": "MultiPolygon", "coordinates": [[[[-9.895375129, -40.386407159], [-9.925160286, -40.397881769], [-9.965077278, -40.38274505], [-10.039377408, -40.338636977], [-10.039377408, -40.33180104], [-10.030018684, -40.313734633], [-10.022206184, -40.307224217], [-10.008656379, -40.30445729], [-9.962757942, -40.301853123], [-9.949940559, -40.30445729], [-9.943104621, -40.31226979], [-9.932362434, -40.339043878], [-9.926380989, -40.348809503], [-9.906361457, -40.364190363], [-9.900013801, -40.372165623], [-9.895375129, -40.386407159]]], [[[-12.263783332, -37.149021092], [-12.276600715, -37.149183852], [-12.304107226, -37.125583592], [-12.335316536, -37.104261977], [-12.325591601, -37.094659113], [-12.307362434, -37.07008229], [-12.296620246, -37.059177342], [-12.291900194, -37.055759373], [-12.244984504, -37.059177342], [-12.227935351, -37.068129165], [-12.213124153, -37.080010675], [-12.191273567, -37.090508722], [-12.195708788, -37.098565363], [-12.20030677, -37.104099217], [-12.205474413, -37.108005467], [-12.211740689, -37.111016534], [-12.244781054, -37.137872003], [-12.263783332, -37.149021092]]], [[[-5.666656054, -15.90211354], [-5.657704231, -15.919528904], [-5.651966926, -15.934502863], [-5.650380012, -15.948907159], [-5.65355384, -15.963555597], [-5.662749804, -15.979587498], [-5.673939582, -15.9882138], [-5.686919726, -15.994805597], [-5.701975064, -16.005140883], [-5.70433509, -15.999444269], [-5.707753059, -15.996351821], [-5.711659309, -15.994317316], [-5.715646939, -15.990899347], [-5.729888476, -16.004815363], [-5.746490038, -16.013848566], [-5.763742642, -16.01572031], [-5.780181444, -16.008233331], [-5.789540168, -15.995293878], [-5.787180142, -15.98447031], [-5.780384895, -15.973402602], [-5.776519335, -15.960137628], [-5.770130989, -15.94524505], [-5.75511634, -15.929945571], [-5.737049934, -15.917168878], [-5.721831835, -15.908949477], [-5.709584114, -15.906996352], [-5.679676887, -15.907321873], [-5.666656054, -15.90211354]]], [[[-14.373646614, -7.885349217], [-14.376698371, -7.877862238], [-14.390614387, -7.889336847], [-14.406605598, -7.924086196], [-14.417713996, -7.939222915], [-14.412261523, -7.950372003], [-14.411000129, -7.963067316], [-14.406402148, -7.973890883], [-14.391021288, -7.979668878], [-14.378529426, -7.976006769], [-14.350331184, -7.974704685], [-14.339466926, -7.969984633], [-14.328480598, -7.962334894], [-14.305246549, -7.952080988], [-14.294789192, -7.945489191], [-14.310414192, -7.927504165], [-14.347401496, -7.899834894], [-14.356271939, -7.884698175], [-14.36457272, -7.889336847], [-14.369984504, -7.889336847], [-14.373646614, -7.885349217]]], [[[-9.895375129, -40.386407159], [-9.925160286, -40.397881769], [-9.965077278, -40.38274505], [-10.039377408, -40.338636977], [-10.039377408, -40.33180104], [-10.030018684, -40.313734633], [-10.022206184, -40.307224217], [-10.008656379, -40.30445729], [-9.962757942, -40.301853123], [-9.949940559, -40.30445729], [-9.943104621, -40.31226979], [-9.932362434, -40.339043878], [-9.926380989, -40.348809503], [-9.906361457, -40.364190363], [-9.900013801, -40.372165623], [-9.895375129, -40.386407159]]], [[[-12.263783332, -37.149021092], [-12.276600715, -37.149183852], [-12.304107226, -37.125583592], [-12.335316536, -37.104261977], [-12.325591601, -37.094659113], [-12.307362434, -37.07008229], [-12.296620246, -37.059177342], [-12.291900194, -37.055759373], [-12.244984504, -37.059177342], [-12.227935351, -37.068129165], [-12.213124153, -37.080010675], [-12.191273567, -37.090508722], [-12.195708788, -37.098565363], [-12.20030677, -37.104099217], [-12.205474413, -37.108005467], [-12.211740689, -37.111016534], [-12.244781054, -37.137872003], [-12.263783332, -37.149021092]]], [[[-5.666656054, -15.90211354], [-5.657704231, -15.919528904], [-5.651966926, -15.934502863], [-5.650380012, -15.948907159], [-5.65355384, -15.963555597], [-5.662749804, -15.979587498], [-5.673939582, -15.9882138], [-5.686919726, -15.994805597], [-5.701975064, -16.005140883], [-5.70433509, -15.999444269], [-5.707753059, -15.996351821], [-5.711659309, -15.994317316], [-5.715646939, -15.990899347], [-5.729888476, -16.004815363], [-5.746490038, -16.013848566], [-5.763742642, -16.01572031], [-5.780181444, -16.008233331], [-5.789540168, -15.995293878], [-5.787180142, -15.98447031], [-5.780384895, -15.973402602], [-5.776519335, -15.960137628], [-5.770130989, -15.94524505], [-5.75511634, -15.929945571], [-5.737049934, -15.917168878], [-5.721831835, -15.908949477], [-5.709584114, -15.906996352], [-5.679676887, -15.907321873], [-5.666656054, -15.90211354]]], [[[-14.373646614, -7.885349217], [-14.376698371, -7.877862238], [-14.390614387, -7.889336847], [-14.406605598, -7.924086196], [-14.417713996, -7.939222915], [-14.412261523, -7.950372003], [-14.411000129, -7.963067316], [-14.406402148, -7.973890883], [-14.391021288, -7.979668878], [-14.378529426, -7.976006769], [-14.350331184, -7.974704685], [-14.339466926, -7.969984633], [-14.328480598, -7.962334894], [-14.305246549, -7.952080988], [-14.294789192, -7.945489191], [-14.310414192, -7.927504165], [-14.347401496, -7.899834894], [-14.356271939, -7.884698175], [-14.36457272, -7.889336847], [-14.369984504, -7.889336847], [-14.373646614, -7.885349217]]]]}}, {"type": "Feature", "id": "hc_67", "properties": {"src_id": "hc_67", "name": "Gulf Islands", "macro": "West Africa", "blurb": "Gulf Islands are part of a line of volcanoes emerging offshore from modern-day Cameroon. They include Anobom, Fernando Po (now Bioko), Pr\u00edncipe, and S\u00e3o Tom\u00e9."}, "geometry": {"type": "MultiPolygon", "coordinates": [[[[8.76823978, 3.751695054], [8.781911655, 3.750962632], [8.79175866, 3.758205471], [8.814300977, 3.751288153], [8.8466903, 3.746405341], [8.880625847, 3.747300523], [8.908457879, 3.758205471], [8.911468946, 3.75381094], [8.914561394, 3.752142645], [8.922699415, 3.750718492], [8.949229363, 3.717922268], [8.959157748, 3.700832424], [8.963145379, 3.67967357], [8.961599155, 3.660467841], [8.957530144, 3.643011786], [8.951182488, 3.627427476], [8.943125847, 3.614203192], [8.906993035, 3.5820987], [8.896739129, 3.554429429], [8.863536004, 3.515122789], [8.860687696, 3.5117862], [8.840668165, 3.458075262], [8.823415561, 3.444403387], [8.818695509, 3.420884507], [8.815928582, 3.415513414], [8.813649936, 3.412176825], [8.784922722, 3.395086981], [8.781423373, 3.3789737], [8.780935092, 3.332912502], [8.774668816, 3.31655508], [8.729746941, 3.264797268], [8.695485873, 3.208563544], [8.68620853, 3.197333075], [8.676605665, 3.203802802], [8.653656446, 3.213568427], [8.648448113, 3.220038153], [8.642100457, 3.217352606], [8.62761478, 3.22260163], [8.599864129, 3.238023179], [8.59262129, 3.235541083], [8.569672071, 3.23041413], [8.559580925, 3.23061758], [8.548838738, 3.235296942], [8.527679884, 3.248846747], [8.51465905, 3.251695054], [8.493174675, 3.252427476], [8.469411655, 3.25796133], [8.450205925, 3.272935289], [8.442230665, 3.302313544], [8.437673373, 3.313137111], [8.42855879, 3.326239325], [8.422048373, 3.339300848], [8.425303582, 3.350409247], [8.429209832, 3.35960521], [8.435394727, 3.401922919], [8.442149285, 3.421332098], [8.455251498, 3.446519273], [8.473887566, 3.463080145], [8.497569207, 3.456529039], [8.510264519, 3.463812567], [8.527110222, 3.463039455], [8.562754754, 3.456529039], [8.579600457, 3.463324286], [8.585134311, 3.479315497], [8.582286004, 3.497748114], [8.5732528, 3.5117862], [8.585703972, 3.518459377], [8.601410352, 3.529730536], [8.615244988, 3.54311758], [8.621104363, 3.555853583], [8.6279403, 3.64834219], [8.640961134, 3.68353913], [8.667165561, 3.726263739], [8.702403191, 3.760931708], [8.743418816, 3.772406317], [8.74122155, 3.768622137], [8.73715254, 3.758205471], [8.76823978, 3.751695054]]], [[[6.61622155, 0.07811107], [6.582855665, 0.077337958], [6.578379754, 0.07811107], [6.567718946, 0.042141018], [6.55730228, 0.028265692], [6.544200066, 0.043931382], [6.536957227, 0.026434637], [6.526621941, 0.024115302], [6.516368035, 0.033636786], [6.510101759, 0.051418361], [6.511729363, 0.052720445], [6.516612175, 0.069973049], [6.516937696, 0.07811107], [6.513682488, 0.088283596], [6.509613477, 0.092678127], [6.505707227, 0.094875393], [6.50269616, 0.098578192], [6.467295769, 0.212469794], [6.461680535, 0.222154039], [6.466319207, 0.231024481], [6.468109571, 0.239813544], [6.468516472, 0.259955145], [6.470876498, 0.267889716], [6.490244988, 0.290961005], [6.494313998, 0.299994208], [6.495371941, 0.306382554], [6.497813347, 0.31268952], [6.533050977, 0.348130601], [6.540782097, 0.351874091], [6.578298373, 0.364569403], [6.609548373, 0.390366929], [6.641856316, 0.410793361], [6.681407097, 0.407131252], [6.703868035, 0.391831773], [6.727061394, 0.366929429], [6.746104363, 0.338080145], [6.75652103, 0.310858466], [6.760915561, 0.284165757], [6.76050866, 0.268296617], [6.75652103, 0.25006745], [6.748545769, 0.23069896], [6.740082227, 0.218573309], [6.715586785, 0.19546133], [6.703135613, 0.180405992], [6.67457116, 0.133368231], [6.668467644, 0.131008205], [6.6591903, 0.12885163], [6.653330925, 0.124579169], [6.660004102, 0.107326565], [6.652598504, 0.103216864], [6.641449415, 0.101019598], [6.633636915, 0.098578192], [6.618174675, 0.081203518], [6.61622155, 0.07811107]]], [[[7.434418165, 1.615220445], [7.435557488, 1.592596747], [7.430511915, 1.572739976], [7.425547722, 1.56273021], [7.418223504, 1.55849844], [7.405772332, 1.556463934], [7.402110222, 1.55072663], [7.402517123, 1.542059637], [7.4013778, 1.53119538], [7.398773634, 1.534979559], [7.395681186, 1.542385158], [7.394053582, 1.545396226], [7.387380405, 1.542466539], [7.381032748, 1.537990627], [7.372243686, 1.554144598], [7.35840905, 1.558905341], [7.343760613, 1.559881903], [7.332530144, 1.565334377], [7.329356316, 1.596258856], [7.330088738, 1.614650783], [7.339366082, 1.613104559], [7.355967644, 1.620021877], [7.364024285, 1.629380601], [7.366465691, 1.641791083], [7.366547071, 1.658107815], [7.371836785, 1.677191473], [7.385264519, 1.692328192], [7.403005405, 1.699774481], [7.421234571, 1.695705471], [7.448741082, 1.693182684], [7.45972741, 1.688299872], [7.462738477, 1.674546617], [7.457367384, 1.669989325], [7.446136915, 1.665472723], [7.434825066, 1.658880927], [7.42872155, 1.647853908], [7.443532748, 1.645453192], [7.456716342, 1.638332424], [7.461761915, 1.630804755], [7.452647332, 1.627346096], [7.438243035, 1.623928127], [7.434418165, 1.615220445]]]]}}]}